Title,Max Players,Multiplatform?,Online?,Genres,Publisher,Review Score,Sales,Console,Rating,Year
Super Mario 64 DS,1,True,True,Action,Nintendo,85,4.69,Nintendo DS,E,2004
Lumines: Puzzle Fusion,1,True,True,Strategy,Ubisoft,89,0.56,Sony PSP,E,2004
WarioWare Touched!,2,True,True,"Action,Racing / Driving,Sports",Nintendo,81,0.54,Nintendo DS,E,2004
Hot Shots Golf: Open Tee,1,True,True,Sports,Sony,81,0.49,Sony PSP,E,2004
Spider-Man 2,1,True,True,Action,Activision,61,0.45,Nintendo DS,E,2004
The Urbz: Sims in the City,1,True,True,Simulation,EA,67,0.41,Nintendo DS,M,2004
Ridge Racer,1,True,True,Racing / Driving,Namco,88,0.36,Sony PSP,E,2004
Metal Gear Ac!d,1,True,True,Strategy,Konami,75,0.34,Sony PSP,E,2004
Madden NFL 2005,1,True,True,Sports,EA,68,0.25,Nintendo DS,T,2004
Pokmon Dash,1,True,True,Racing / Driving,Nintendo,46,0.22,Nintendo DS,T,2004
Dynasty Warriors,1,True,True,"Action,Adventure,Role-Playing (RPG)",,62,0.2,Sony PSP,E,2004
Feel the Magic XY/XX,1,True,True,"Action,Adventure,Racing / Driving,Sports",Sega,75,0.16,Nintendo DS,T,2004
Ridge Racer DS,1,True,True,Racing / Driving,Namco,63,0.15,Nintendo DS,E,2004
Darkstalkers Chronicle: The Chaos Tower,1,True,True,Action,Capcom,74,0.14,Sony PSP,E,2004
Ape Escape Academy,4,True,True,"Action,Sports",Sony,51,0.13,Sony PSP,E,2004
Polarium,1,True,True,Strategy,Nintendo,73,0.12,Nintendo DS,E,2004
Asphalt: Urban GT,1,True,True,"Racing / Driving,Simulation",Ubisoft,60,0.11,Nintendo DS,E,2004
Zoo Keeper,1,True,True,Action,,74,0.1,Nintendo DS,T,2004
Mr. DRILLER: Drill Spirits,1,True,True,Action,Namco,72,0.09,Nintendo DS,T,2004
Sprung,1,True,True,Adventure,Ubisoft,48,0.06,Nintendo DS,E,2004
Armored Core: Formula Front - Extreme Battle,1,True,True,"Action,Strategy",,66,0.05,Sony PSP,E,2004
Puyo Pop Fever,1,True,True,"Action,Strategy",Sega,76,0.04,Nintendo DS,E,2004
Mario Kart DS,1,True,True,Racing / Driving,Nintendo,91,9.99,Nintendo DS,E,2005
Nintendogs,1,True,True,Simulation,Nintendo,83,9.72,Nintendo DS,E,2005
Brain Age: Train Your Brain in Minutes a Day!,1,True,True,Action,Nintendo,77,5.07,Nintendo DS,M,2005
Brain Agey: More Training in Minutes a Day!,1,True,True,Action,Nintendo,77,3.65,Nintendo DS,E,2005
Grand Theft Auto: Liberty City Stories,1,True,True,"Action,Racing / Driving","Capcom,Rockstar",88,2.97,Sony PSP,E,2005
Animal Crossing: Wild World,1,True,True,Simulation,Nintendo,86,2.6,Nintendo DS,T,2005
Big Brain Academy,1,True,True,Action,Nintendo,74,1.77,Nintendo DS,E,2005
Call of Duty 2,4,True,True,Action,"Activision,Konami",89,1.69,X360,E,2005
Midnight Club 3: DUB Edition,1,True,True,Racing / Driving,Rockstar,74,1.69,Sony PSP,T,2005
Need for Speed: Most Wanted 5-1-0,1,True,True,Racing / Driving,EA,72,1.67,Sony PSP,M,2005
Pokmon Mystery Dungeon: Blue Rescue Team,1,True,True,Role-Playing (RPG),Nintendo,62,1.22,Nintendo DS,T,2005
Sonic Rush,1,True,True,Action,Sega,82,1.2,Nintendo DS,E,2005
Star Wars: Battlefront II,1,True,True,Action,,69,1.09,Sony PSP,E,2005
SOCOM: U.S. Navy SEALs - Fireteam Bravo,1,True,True,Action,Sony,82,1.07,Sony PSP,E,2005
Need for Speed: Most Wanted,2,True,True,Racing / Driving,EA,83,0.95,X360,E,2005
Zoo Tycoon DS,1,True,True,"Simulation,Strategy",THQ,44,0.92,Nintendo DS,T,2005
The Sims 2,1,True,True,"Role-Playing (RPG),Simulation",EA,70,0.83,Nintendo DS,M,2005
Mario & Luigi: Partners in Time,1,True,True,"Action,Role-Playing (RPG)",Nintendo,86,0.75,Nintendo DS,E,2005
Madden NFL 06,1,True,True,Sports,EA,75,0.75,Sony PSP,E,2005
Need for Speed Underground: Rivals,4,True,True,Racing / Driving,EA,74,0.73,Sony PSP,E,2005
Twisted Metal: Head-On,1,True,True,"Action,Racing / Driving",Sony,79,0.73,Sony PSP,E,2005
Perfect Dark Zero,4,True,True,Action,Microsoft,79,0.7,X360,E,2005
Super Monkey Ball: Touch & Roll,1,True,True,Action,Sega,63,0.7,Nintendo DS,T,2005
Super Princess Peach,1,True,True,Action,Nintendo,75,0.7,Nintendo DS,T,2005
Burnout Legends,1,True,True,"Action,Racing / Driving",EA,86,0.68,Sony PSP,T,2005
Madden NFL 06,2,True,True,Sports,EA,74,0.62,X360,E,2005
Clubhouse Games,1,True,True,Strategy,Nintendo,83,0.61,Nintendo DS,E,2005
ATV Offroad Fury: Blazin' Trails,4,True,True,"Racing / Driving,Sports",Sony,63,0.56,Sony PSP,T,2005
Untold Legends: Brotherhood of the Blade,1,True,True,"Action,Role-Playing (RPG)","Activision,Sony",68,0.56,Sony PSP,M,2005
Tony Hawk's Underground 2: Remix,1,True,True,Sports,Activision,83,0.49,Sony PSP,T,2005
The Sims 2,1,True,True,"Simulation,Strategy",EA,65,0.46,Sony PSP,T,2005
WipEout Pure,1,True,True,"Action,Racing / Driving",Sony,88,0.45,Sony PSP,E,2005
NBA Live 06,1,True,True,Sports,EA,80,0.42,Sony PSP,E,2005
WWE Smackdown vs. Raw 2006,4,True,True,"Action,Sports",THQ,81,0.38,Sony PSP,T,2005
Dead or Alive 4,4,True,True,Action,,85,0.38,X360,E,2005
Phoenix Wright: Ace Attorney,1,True,True,"Adventure,Simulation",Capcom,81,0.38,Nintendo DS,E,2005
Spider-Man 2,1,True,True,Action,Activision,67,0.38,Sony PSP,M,2005
NFL Street 2,4,True,True,Sports,EA,73,0.37,Sony PSP,T,2005
Kirby: Canvas Curse,1,True,True,Action,Nintendo,86,0.37,Nintendo DS,T,2005
Battlefield 2: Modern Combat,4,True,True,Action,EA,77,0.36,X360,E,2005
Yoshi Touch & Go,1,True,True,Action,Nintendo,73,0.36,Nintendo DS,T,2005
Tiger Woods PGA Tour 06,4,True,True,Sports,EA,71,0.33,X360,T,2005
Condemned: Criminal Origins,1,True,True,"Action,Adventure",Sega,81,0.33,X360,E,2005
Peter Jackson's King Kong: The Official Game of...,2,True,True,Action,Ubisoft,80,0.32,X360,T,2005
Castlevania: Dawn of Sorrow,1,True,True,"Action,Role-Playing (RPG)",Konami,89,0.31,Nintendo DS,T,2005
SpongeBob SquarePants: The Yellow Avenger,1,True,True,Action,THQ,67,0.31,Nintendo DS,E,2005
Marvel Nemesis: Rise of the Imperfects ,1,True,True,Action,EA,58,0.31,Sony PSP,T,2005
Kameo: Elements of Power,1,True,True,Action,Microsoft,79,0.31,X360,T,2005
Advance Wars: Dual Strike,1,True,True,Strategy,Nintendo,90,0.3,Nintendo DS,T,2005
Trauma Center: Under the Knife,1,True,True,"Action,Simulation",Nintendo,81,0.3,Nintendo DS,T,2005
Coded Arms,1,True,True,Action,Konami,59,0.3,Sony PSP,M,2005
NBA LIVE 06 ,1,True,True,Sports,EA,64,0.29,X360,E,2005
Tony Hawk's American Wasteland,1,True,True,Sports,Activision,75,0.29,X360,E,2005
Star Wars: Episode III - Revenge of the Sith,1,True,True,Action,Ubisoft,73,0.28,Nintendo DS,E,2005
Capcom Classics Collection Remixed,1,True,True,Action,Capcom,72,0.28,Sony PSP,E,2005
Madagascar,1,True,True,Adventure,Activision,66,0.27,Nintendo DS,E,2005
X-Men: Legends II - Rise of Apocalypse,1,True,True,"Action,Role-Playing (RPG)",Activision,84,0.27,Sony PSP,M,2005
Quake 4,1,True,True,Action,Activision,75,0.27,X360,E,2005
Pokmon Trozei!,1,True,True,Strategy,Nintendo,74,0.26,Nintendo DS,E,2005
Need for Speed: Most Wanted,1,True,True,Racing / Driving,EA,45,0.25,Nintendo DS,E,2005
Mega Man Maverick Hunter X,1,True,True,Action,Capcom,79,0.25,Sony PSP,E,2005
Metroid Prime Pinball,1,True,True,"Action,Simulation",Nintendo,79,0.22,Nintendo DS,E,2005
NBA 06,1,True,True,Sports,Sony,72,0.22,Sony PSP,E,2005
GUN ,1,True,True,"Action,Racing / Driving,Role-Playing (RPG)",Activision,75,0.22,X360,E,2005
NBA 2K6 ,1,True,True,Sports,2K,81,0.22,X360,E,2005
Pinball Hall of Fame: The Gottlieb Collection,4,True,True,Action,,73,0.21,Sony PSP,T,2005
Harry Potter and the Goblet of Fire,1,True,True,Action,EA,68,0.21,Nintendo DS,T,2005
Tony Hawk's American Sk8land,1,True,True,Sports,Activision,84,0.21,Nintendo DS,E,2005
MVP Baseball,1,True,True,Sports,EA,67,0.21,Sony PSP,M,2005
Tiger Woods PGA Tour,1,True,True,Sports,EA,78,0.21,Sony PSP,E,2005
World Series of Poker,1,True,True,"Sports,Strategy",Activision,37,0.21,Sony PSP,E,2005
SSX on Tour,1,True,True,Sports,EA,79,0.2,Sony PSP,E,2005
Tiger Woods PGA Tour 06,1,True,True,Sports,EA,80,0.2,Sony PSP,T,2005
Death Jr.,1,True,True,Action,Konami,61,0.19,Sony PSP,M,2005
Harry Potter and the Goblet of Fire,1,True,True,Action,EA,70,0.19,Sony PSP,T,2005
MediEvil Resurrection,1,True,True,Action,Sony,66,0.19,Sony PSP,T,2005
"The Chronicles of Narnia: The Lion, the Witch a...",1,True,True,"Action,Role-Playing (RPG)",,65,0.18,Nintendo DS,T,2005
Shrek SuperSlam,1,True,True,Action,Activision,56,0.18,Nintendo DS,E,2005
Virtua Tennis: World Tour,1,True,True,Sports,Sega,84,0.18,Sony PSP,M,2005
Prince of Persia: Revelations,1,True,True,Action,Ubisoft,65,0.17,Sony PSP,E,2005
Burnout Legends,1,True,True,"Action,Racing / Driving",EA,38,0.16,Nintendo DS,E,2005
Meteos,1,True,True,Strategy,Nintendo,88,0.16,Nintendo DS,E,2005
Spyro: Shadow Legacy,1,True,True,Role-Playing (RPG),,50,0.15,Nintendo DS,E,2005
The Con,1,True,True,Action,Sony,63,0.15,Sony PSP,E,2005
Infected,1,True,True,Action,,74,0.15,Sony PSP,E,2005
Pursuit Force,1,True,True,"Action,Racing / Driving",Sony,75,0.14,Sony PSP,M,2005
Kingdom of Paradise,2,True,True,"Action,Role-Playing (RPG)",Sony,72,0.13,Sony PSP,E,2005
Dragon Ball Z: Supersonic Warriors 2,1,True,True,Action,Atari,66,0.13,Nintendo DS,E,2005
Dragon Quest Heroes: Rocket Slime,1,True,True,Action,SquareEnix,83,0.13,Nintendo DS,T,2005
Dead to Rights: Reckoning,1,True,True,Action,Namco,54,0.13,Sony PSP,E,2005
Amped 3,1,True,True,Sports,2K,72,0.13,X360,E,2005
Break 'em All,1,True,True,Action,,68,0.12,Nintendo DS,T,2005
Lunar: Dragon Song,1,True,True,Role-Playing (RPG),Ubisoft,59,0.12,Nintendo DS,M,2005
Madden NFL 06,1,True,True,Sports,EA,66,0.12,Nintendo DS,E,2005
Retro Atari Classics,1,True,True,"Action,Racing / Driving,Simulation",Atari,51,0.12,Nintendo DS,E,2005
True Swing Golf,1,True,True,Sports,Nintendo,66,0.12,Nintendo DS,E,2005
FIFA Soccer,1,True,True,Sports,EA,73,0.12,Sony PSP,E,2005
Metal Gear Ac!d 2,1,True,True,Strategy,Konami,80,0.12,Sony PSP,E,2005
ATV Quad Frenzy,1,True,True,"Racing / Driving,Sports",,35,0.11,Nintendo DS,T,2005
Bomberman,1,True,True,Strategy,Ubisoft,75,0.11,Nintendo DS,E,2005
GoldenEye: Rogue Agent,1,True,True,Action,EA,58,0.11,Nintendo DS,T,2005
Need for Speed Underground 2,1,True,True,Racing / Driving,EA,65,0.11,Nintendo DS,T,2005
Frogger: Helmet Chaos,1,True,True,Action,Konami,66,0.11,Sony PSP,E,2005
The Lord of the Rings: Tactics,1,True,True,"Role-Playing (RPG),Strategy",EA,64,0.11,Sony PSP,M,2005
Rengoku: The Tower of Purgatory,1,True,True,"Action,Role-Playing (RPG)",Konami,43,0.11,Sony PSP,E,2005
Gretzky NHL,2,True,True,Sports,Sony,61,0.1,Sony PSP,E,2005
Ridge Racer 6,2,True,True,Racing / Driving,"EA,Namco",74,0.1,X360,E,2005
Ford Racing 3,1,True,True,"Action,Racing / Driving",,49,0.1,Nintendo DS,E,2005
NHL 2K6 ,1,True,True,Sports,2K,75,0.1,X360,T,2005
Bust-a-Move DS,1,True,True,"Action,Strategy",,75,0.09,Nintendo DS,E,2005
Battles of Prince of Persia,1,True,True,Strategy,Ubisoft,64,0.09,Nintendo DS,E,2005
GripShift,1,True,True,Racing / Driving,Ubisoft,70,0.09,Sony PSP,E,2005
Marvel Nemesis: Rise of the Imperfects ,1,True,True,Action,EA,34,0.08,Nintendo DS,T,2005
Scooby-Doo! Unmasked,1,True,True,Action,THQ,60,0.08,Nintendo DS,E,2005
Viewtiful Joe: Double Trouble!,1,True,True,Action,Capcom,73,0.08,Nintendo DS,E,2005
The Legend of Heroes: A Tear of Vermillion,1,True,True,Role-Playing (RPG),,68,0.08,Sony PSP,T,2005
PQ: Practical Intelligence Quotient,1,True,True,Strategy,,69,0.08,Sony PSP,E,2005
Lost in Blue,1,True,True,Role-Playing (RPG),Konami,69,0.07,Nintendo DS,T,2005
Ghost in the Shell: Stand Alone Complex,1,True,True,Action,Sony,61,0.07,Sony PSP,E,2005
Dig Dug: Digging Strike,1,True,True,Action,Namco,65,0.06,Nintendo DS,E,2005
Frogger: Helmet Chaos,1,True,True,Action,Konami,69,0.06,Nintendo DS,E,2005
Mega Man Battle Network 5: Double Team DS,1,True,True,"Action,Role-Playing (RPG)",Capcom,68,0.06,Nintendo DS,E,2005
Nanostray,1,True,True,Action,THQ,71,0.06,Nintendo DS,E,2005
Sega Casino,1,True,True,Simulation,Sega,61,0.06,Nintendo DS,M,2005
Teenage Mutant Ninja Turtles 3: Mutant Nightmare,1,True,True,"Action,Adventure",Konami,58,0.06,Nintendo DS,T,2005
Pac-Man World 3,1,True,True,Action,"EA,Namco",61,0.06,Sony PSP,E,2005
Tokobot,1,True,True,Strategy,,72,0.06,Sony PSP,T,2005
Fullmetal Alchemist: Dual Sympathy,1,True,True,Action,,58,0.05,Nintendo DS,M,2005
Exit,1,True,True,Action,Ubisoft,77,0.05,Sony PSP,E,2005
Bubble Bobble Revolution,1,True,True,Action,,38,0.04,Nintendo DS,M,2005
The Rub Rabbits!,2,True,True,"Action,Adventure",Sega,68,0.02,Nintendo DS,M,2005
Electroplankton,1,True,True,Simulation,Nintendo,71,0.01,Nintendo DS,T,2005
LifeSigns: Surgical Unit,1,True,True,"Simulation,Strategy",,61,0.01,Nintendo DS,T,2005
Space Invaders Revolution,1,True,True,Action,,49,0.01,Nintendo DS,E,2005
Wii Play,2,True,True,"Action,Sports",Nintendo,58,14.66,Nintendo Wii,T,2006
New Super Mario Bros.,1,True,True,Action,Nintendo,89,10.03,Nintendo DS,T,2006
Pokmon Diamond,1,True,True,Role-Playing (RPG),Nintendo,85,6.77,Nintendo DS,E,2006
Pokmon Pearl,1,True,True,Role-Playing (RPG),Nintendo,85,6.77,Nintendo DS,E,2006
Gears of War,2,True,True,Action,Microsoft,94,3.7,X360,M,2006
The Legend of Zelda: Twilight Princess,1,True,True,"Action,Role-Playing (RPG)",Nintendo,95,3.33,Nintendo Wii,M,2006
Cooking Mama,1,True,True,Simulation,,67,2.9,Nintendo DS,M,2006
Marvel Ultimate Alliance,4,True,True,"Action,Role-Playing (RPG)",Activision,82,2.42,X360,T,2006
Daxter,1,True,True,Action,Sony,85,2.38,Sony PSP,T,2006
The Elder Scrolls IV: Oblivion,1,True,True,"Action,Role-Playing (RPG)",2K,94,2.12,X360,E,2006
Madden NFL 07,2,True,True,Sports,EA,80,1.77,X360,E,2006
Grand Theft Auto: Vice City Stories,1,True,True,"Action,Racing / Driving",Rockstar,86,1.72,Sony PSP,E,2006
Resistance: Fall of Man,4,True,True,Action,Sony,86,1.61,PlayStation 3,E,2006
MotorStorm,1,True,True,"Action,Racing / Driving,Sports",Sony,82,1.58,PlayStation 3,T,2006
Call of Duty 3,2,True,True,Action,Activision,82,1.51,X360,T,2006
Yoshi's Island DS,1,True,True,Action,Nintendo,81,1.49,Nintendo DS,E,2006
Tom Clancy's Ghost Recon: Advanced Warfighter,4,True,True,Action,Ubisoft,90,1.46,X360,E,2006
Fight Night Round 3,2,True,True,"Action,Sports",EA,86,1.4,X360,E,2006
Pokmon Ranger,1,True,True,Role-Playing (RPG),Nintendo,69,1.36,Nintendo DS,E,2006
Rayman Raving Rabbids,4,True,True,Action,Ubisoft,76,1.26,Nintendo Wii,T,2006
Saints Row,1,True,True,"Action,Racing / Driving",THQ,81,1.23,X360,T,2006
Tom Clancy's Rainbow Six: Vegas,2,True,True,Action,Ubisoft,88,1.19,X360,E,2006
Dead Rising,1,True,True,Action,Capcom,85,1.16,X360,E,2006
Call of Duty 3,1,True,True,Action,Activision,69,1.15,Nintendo Wii,E,2006
Lost Planet: Extreme Condition,1,True,True,Action,Capcom,79,1.15,X360,M,2006
Mario Hoops 3 on 3,1,True,True,Sports,Nintendo,69,1.03,Nintendo DS,M,2006
LEGO Star Wars II: The Original Trilogy,1,True,True,Action,EA,47,1.02,Nintendo DS,E,2006
Super Monkey Ball: Banana Blitz,4,True,True,Action,Sega,74,1,Nintendo Wii,T,2006
The Sims 2: Pets,1,True,True,Simulation,EA,49,0.97,Nintendo DS,T,2006
Need for Speed: Carbon - Own the City,1,True,True,Racing / Driving,EA,73,0.93,Sony PSP,E,2006
WarioWare: Smooth Moves,6,True,True,"Action,Racing / Driving,Sports",Nintendo,83,0.9,Nintendo Wii,T,2006
Fight Night Round 3,2,True,True,"Action,Sports",EA,83,0.86,PlayStation 3,T,2006
Final Fantasy III,1,True,True,Role-Playing (RPG),SquareEnix,77,0.86,Nintendo DS,E,2006
SOCOM: U.S. Navy SEALs - Fireteam Bravo 2,1,True,True,Action,Sony,81,0.86,Sony PSP,E,2006
Madden NFL 07,1,True,True,Sports,EA,78,0.83,Sony PSP,E,2006
Monster 4x4: World Circuit,4,True,True,Racing / Driving,Ubisoft,51,0.82,Nintendo Wii,E,2006
Kirby: Squeak Squad,1,True,True,Action,Nintendo,71,0.82,Nintendo DS,T,2006
Pokmon Battle Revolution,4,True,True,"Action,Strategy",Nintendo,53,0.81,Nintendo Wii,T,2006
Medal of Honor: Heroes,1,True,True,Action,EA,71,0.81,Sony PSP,E,2006
Tekken: Dark Resurrection,1,True,True,Action,"Namco,Sony",88,0.81,Sony PSP,E,2006
Need for Speed: Carbon,2,True,True,Racing / Driving,EA,77,0.78,X360,E,2006
Mario vs. Donkey Kong 2: March of the Minis,1,True,True,Action,Nintendo,76,0.77,Nintendo DS,T,2006
Sonic Rivals,1,True,True,"Action,Racing / Driving",Sega,64,0.76,Sony PSP,T,2006
NCAA Football 07,2,True,True,Sports,EA,79,0.7,X360,E,2006
Mortal Kombat: Unchained,2,True,True,Action,Midway,70,0.67,Sony PSP,E,2006
Tom Clancy's Splinter Cell: Double Agent,1,True,True,Action,Ubisoft,85,0.67,X360,E,2006
Tetris DS,1,True,True,Strategy,Nintendo,84,0.66,Nintendo DS,M,2006
LEGO Star Wars II: The Original Trilogy,2,True,True,Action,,83,0.61,Sony PSP,T,2006
Red Steel,4,True,True,Action,Ubisoft,63,0.58,Nintendo Wii,T,2006
Metroid Prime: Hunters,1,True,True,Action,Nintendo,85,0.58,Nintendo DS,E,2006
LEGO Star Wars II: The Original Trilogy,2,True,True,Action,,81,0.57,X360,E,2006
NBA 2K7 ,1,True,True,Sports,2K,84,0.56,X360,E,2006
SEGA Genesis Collection,2,True,True,"Action,Racing / Driving,Role-Playing (RPG),Strategy",Sega,82,0.55,Sony PSP,T,2006
Call of Duty 3,1,True,True,Action,Activision,80,0.52,PlayStation 3,T,2006
NBA Live 07,1,True,True,Sports,EA,64,0.51,Sony PSP,E,2006
Madden NFL 07,2,True,True,Sports,EA,76,0.49,PlayStation 3,T,2006
SpongeBob SquarePants: The Yellow Avenger,1,True,True,Action,THQ,48,0.49,Sony PSP,T,2006
Madden NFL 07,4,True,True,Sports,EA,81,0.48,Nintendo Wii,E,2006
Fight Night Round 3,2,True,True,"Action,Simulation,Sports",EA,74,0.48,Sony PSP,T,2006
Need for Speed: Carbon,2,True,True,Racing / Driving,EA,75,0.47,PlayStation 3,T,2006
Need for Speed: Carbon,2,True,True,Racing / Driving,EA,67,0.47,Nintendo Wii,M,2006
WWE SmackDown vs. Raw 2007,4,True,True,Sports,THQ,81,0.45,X360,E,2006
Tiger Woods PGA Tour 07,1,True,True,Sports,EA,80,0.45,X360,T,2006
Viva Pi$?ata,4,True,True,"Simulation,Strategy",Microsoft,84,0.44,X360,E,2006
SpongeBob Squarepants: Creature from the Krusty Krab,1,True,True,"Action,Adventure",THQ,57,0.44,Nintendo Wii,T,2006
Tony Hawk's Project 8,2,True,True,Sports,Activision,68,0.42,Sony PSP,M,2006
Tony Hawk's Project 8,2,True,True,Sports,Activision,81,0.42,X360,E,2006
NBA LIVE 07 ,1,True,True,Sports,EA,59,0.42,X360,T,2006
Excite Truck,2,True,True,Racing / Driving,Nintendo,72,0.4,Nintendo Wii,M,2006
Harvest Moon DS,1,True,True,"Role-Playing (RPG),Simulation",,67,0.4,Nintendo DS,T,2006
Star Fox Command,1,True,True,Action,Nintendo,76,0.39,Nintendo DS,T,2006
Metal Gear Solid: Portable Ops,1,True,True,"Action,Strategy",Konami,87,0.39,Sony PSP,T,2006
Marvel Ultimate Alliance,4,True,True,"Action,Role-Playing (RPG)",Activision,73,0.38,Nintendo Wii,M,2006
Blazing Angels: Squadrons of WWII,2,True,True,Action,Ubisoft,66,0.37,X360,E,2006
Major League Baseball 2K6,2,True,True,Sports,2K,66,0.37,X360,T,2006
NCAA Football 07,1,True,True,Sports,EA,75,0.36,Sony PSP,T,2006
MLB 06: The Show,2,True,True,Sports,Sony,83,0.35,Sony PSP,T,2006
Blazing Angels: Squadrons of WWII,2,True,True,Action,Ubisoft,67,0.35,PlayStation 3,T,2006
WWE SmackDown vs. Raw 2007,4,True,True,Sports,THQ,78,0.34,Sony PSP,T,2006
Rune Factory: A Fantasy Harvest Moon,1,True,True,"Role-Playing (RPG),Simulation",,78,0.34,Nintendo DS,T,2006
Marvel Ultimate Alliance,1,True,True,"Action,Role-Playing (RPG)",Activision,81,0.34,Sony PSP,E,2006
Marvel Ultimate Alliance,4,True,True,"Action,Role-Playing (RPG)",Activision,78,0.33,PlayStation 3,M,2006
Tiger Woods PGA Tour 07,4,True,True,Sports,EA,81,0.32,PlayStation 3,E,2006
Ace Combat X: Skies of Deception,1,True,True,"Action,Simulation",Namco,75,0.32,Sony PSP,E,2006
Killzone: Liberation,1,True,True,"Action,Strategy",Sony,77,0.32,Sony PSP,M,2006
F.E.A.R.: First Encounter Assault Recon,1,True,True,Action,,85,0.32,X360,E,2006
NBA 2K7,7,True,True,Sports,2K,80,0.31,PlayStation 3,E,2006
Tony Hawk's Project 8,2,True,True,Sports,Activision,76,0.3,PlayStation 3,T,2006
Avatar: The Last Airbender,1,True,True,Action,THQ,64,0.3,Nintendo DS,E,2006
Castlevania: Portrait of Ruin,1,True,True,Action,Konami,85,0.3,Nintendo DS,M,2006
Hitman: Blood Money,1,True,True,Action,Eidos,82,0.29,X360,E,2006
Rockstar Games presents Table Tennis,2,True,True,Sports,Rockstar,81,0.28,X360,M,2006
Trauma Center: Second Opinion,1,True,True,"Action,Simulation",Nintendo,80,0.28,Nintendo Wii,T,2006
Tenchu Z,1,True,True,Action,Microsoft,56,0.28,X360,E,2006
Elite Beat Agents,1,True,True,Action,Nintendo,87,0.27,Nintendo DS,M,2006
Street Fighter Alpha 3 MAX,1,True,True,Action,Capcom,80,0.27,Sony PSP,M,2006
Blue Dragon,1,True,True,Role-Playing (RPG),Microsoft,79,0.27,X360,T,2006
The Lord of the Rings: The Battle for Middle Ea...,1,True,True,Strategy,EA,79,0.27,X360,T,2006
Prey,1,True,True,Action,2K,79,0.27,X360,T,2006
Over the Hedge,1,True,True,Adventure,Activision,71,0.26,Nintendo DS,E,2006
Capcom Classics Collection Reloaded,1,True,True,Action,Capcom,75,0.26,Sony PSP,T,2006
Pirates of the Caribbean: Dead Man's Chest,1,True,True,Action,,52,0.26,Sony PSP,T,2006
NHL 07 ,1,True,True,Sports,EA,79,0.26,X360,T,2006
Monster Hunter Freedom,1,True,True,"Action,Strategy",Capcom,71,0.25,Sony PSP,E,2006
Chromehounds,1,True,True,"Action,Simulation,Strategy",Sega,71,0.25,X360,T,2006
Test Drive Unlimited,1,True,True,Racing / Driving,Atari,82,0.25,X360,T,2006
Dragon Ball Z: Budokai Tenkaichi 2,2,True,True,Action,Atari,72,0.24,Nintendo Wii,E,2006
Dragon Quest Monsters: Joker,1,True,True,Role-Playing (RPG),SquareEnix,75,0.24,Nintendo DS,T,2006
Pirates of the Caribbean: Dead Man's Chest,1,True,True,Action,,63,0.24,Nintendo DS,E,2006
NFL Street 3,1,True,True,"Action,Sports",EA,68,0.24,Sony PSP,T,2006
Syphon Filter: Dark Mirror,1,True,True,Action,Sony,87,0.24,Sony PSP,M,2006
NBA 07,4,True,True,Sports,Sony,63,0.23,PlayStation 3,T,2006
Ridge Racer 7,2,True,True,Racing / Driving,"Namco,Sony",78,0.23,PlayStation 3,E,2006
The Outfit,2,True,True,Action,THQ,70,0.23,X360,E,2006
Elebits,4,True,True,Action,Konami,75,0.22,Nintendo Wii,T,2006
Tony Hawk's Downhill Jam,1,True,True,"Racing / Driving,Sports",Activision,76,0.22,Nintendo DS,T,2006
The Sims 2: Pets,1,True,True,Simulation,EA,57,0.21,Sony PSP,T,2006
Tiger Woods PGA Tour 07,1,True,True,Sports,EA,78,0.21,Sony PSP,E,2006
Thrillville,1,True,True,"Simulation,Strategy",Atari,72,0.2,Sony PSP,E,2006
The Godfather: The Game,1,True,True,Action,EA,77,0.2,X360,T,2006
Rampage: Total Destruction,4,True,True,Action,Midway,46,0.19,Nintendo Wii,E,2006
College Hoops 2K7,4,True,True,Sports,2K,82,0.19,X360,T,2006
Far Cry: Instincts - Predator,4,True,True,Action,Ubisoft,78,0.19,X360,E,2006
Full Auto,2,True,True,"Action,Racing / Driving",Sega,70,0.19,X360,E,2006
Age of Empires: The Age of Kings,1,True,True,Strategy,,80,0.19,Nintendo DS,T,2006
Need for Speed: Carbon - Own the City,1,True,True,"Action,Racing / Driving",EA,70,0.19,Nintendo DS,T,2006
Brothers in Arms: D-Day,1,True,True,Action,Ubisoft,65,0.19,Sony PSP,T,2006
Family Guy Video Game!,1,True,True,Action,2K,51,0.19,Sony PSP,M,2006
Superman Returns,1,True,True,Action,EA,51,0.19,X360,E,2006
Over G Fighters,2,True,True,Simulation,Ubisoft,49,0.18,X360,E,2006
Final Fantasy XI Online,1,True,True,"Action,Role-Playing (RPG)",SquareEnix,66,0.18,X360,E,2006
Mystery Dungeon: Shiren the Wanderer,1,True,True,"Action,Role-Playing (RPG)",Sega,69,0.17,Nintendo DS,T,2006
Phoenix Wright: Ace Attorney - Justice for All,1,True,True,"Adventure,Simulation",Capcom,76,0.17,Nintendo DS,E,2006
Justice League Heroes,1,True,True,Action,,72,0.17,Sony PSP,M,2006
Valhalla Knights,1,True,True,"Action,Role-Playing (RPG)",,53,0.17,Sony PSP,T,2006
Genji: Days of the Blade,1,True,True,"Action,Role-Playing (RPG)",Sony,55,0.17,PlayStation 3,T,2006
Top Spin 2,4,True,True,Sports,2K,75,0.16,X360,T,2006
Field Commander,2,True,True,Strategy,"Sony,Ubisoft",77,0.16,Sony PSP,T,2006
Children of Mana,1,True,True,"Action,Role-Playing (RPG)","Nintendo,SquareEnix",65,0.16,Nintendo DS,E,2006
Valkyrie Profile: Lenneth,1,True,True,Role-Playing (RPG),SquareEnix,80,0.16,Sony PSP,E,2006
Monster House,1,True,True,Action,THQ,62,0.15,Nintendo DS,M,2006
Enchanted Arms,1,True,True,Role-Playing (RPG),Ubisoft,69,0.15,X360,E,2006
NHL 07,4,True,True,Sports,EA,76,0.14,Sony PSP,M,2006
Bust-a-Move Deluxe,2,True,True,Strategy,,73,0.14,Sony PSP,M,2006
Full Auto 2: Battlelines,2,True,True,"Action,Racing / Driving",Sega,67,0.14,PlayStation 3,T,2006
Blitz: The League,2,True,True,Sports,Midway,69,0.14,X360,T,2006
Star Trek Legacy,2,True,True,"Action,Strategy",Ubisoft,64,0.14,X360,E,2006
Eragon,1,True,True,"Action,Role-Playing (RPG)",,63,0.14,Nintendo DS,E,2006
Master of Illusion,1,True,True,Strategy,Nintendo,69,0.14,Nintendo DS,E,2006
Mega Man ZX,1,True,True,Action,Capcom,76,0.14,Nintendo DS,T,2006
Untold Legends: The Warrior's Code,1,True,True,"Action,Role-Playing (RPG)","Sony,Ubisoft",65,0.14,Sony PSP,T,2006
Super Swing Golf,1,True,True,Sports,,72,0.14,Nintendo Wii,T,2006
X-Men: The Official Game,1,True,True,Action,Activision,52,0.14,X360,M,2006
Untold Legends: Dark Kingdom,2,True,True,"Action,Role-Playing (RPG)","EA,Sony",58,0.13,PlayStation 3,E,2006
Happy Feet,2,True,True,Action,Midway,46,0.13,Nintendo Wii,E,2006
Open Season,1,True,True,Action,Ubisoft,72,0.13,Nintendo DS,T,2006
Dungeon Siege: Throne of Agony,1,True,True,Role-Playing (RPG),2K,74,0.13,Sony PSP,E,2006
LocoRoco,1,True,True,"Action,Strategy",Sony,83,0.13,Sony PSP,T,2006
Dead or Alive: Xtreme 2,1,True,True,"Racing / Driving,Sports",,53,0.13,X360,T,2006
Fuzion Frenzy 2,4,True,True,"Action,Sports",Microsoft,49,0.12,X360,T,2006
MotoGP '06,4,True,True,"Racing / Driving,Simulation,Sports",THQ,80,0.12,X360,M,2006
Lumines II,2,True,True,Strategy,,81,0.12,Sony PSP,E,2006
Major League Baseball 2K6,1,True,True,Sports,2K,69,0.12,Sony PSP,M,2006
Star Wars: Lethal Alliance,1,True,True,Action,Ubisoft,61,0.12,Sony PSP,T,2006
Worms: Open Warfare,1,True,True,"Action,Strategy",THQ,70,0.12,Sony PSP,T,2006
Eragon,4,True,True,Action,,59,0.11,Sony PSP,E,2006
Metal Slug Anthology,4,True,True,Action,,73,0.11,Nintendo Wii,T,2006
Open Season,4,True,True,Action,Ubisoft,59,0.11,X360,E,2006
Tom Clancy's Splinter Cell: Double Agent,2,True,True,Action,Ubisoft,61,0.11,Nintendo Wii,T,2006
Avatar: The Last Airbender,1,True,True,Action,THQ,57,0.11,Sony PSP,E,2006
Lemmings,1,True,True,Strategy,Sony,76,0.11,Sony PSP,E,2006
Mega Man Powered Up,1,True,True,Action,Capcom,82,0.11,Sony PSP,E,2006
College Hoops 2K6,1,True,True,Sports,2K,70,0.11,X360,E,2006
Dynasty Warriors 5: Empires,2,True,True,"Action,Role-Playing (RPG),Strategy",,61,0.1,X360,T,2006
Magical Starsign,1,True,True,Role-Playing (RPG),Nintendo,69,0.1,Nintendo DS,E,2006
Resident Evil: Deadly Silence,1,True,True,Action,Capcom,71,0.1,Nintendo DS,E,2006
X-Men: The Official Game,1,True,True,Action,Activision,50,0.1,Nintendo DS,E,2006
Cabela's African Safari,1,True,True,Sports,Activision,53,0.1,X360,E,2006
Cabela's Alaskan Adventures,1,True,True,Sports,Activision,48,0.1,X360,E,2006
Armored Core 4,2,True,True,Action,Sega,65,0.09,PlayStation 3,E,2006
Eragon,2,True,True,Action,,48,0.09,X360,T,2006
LostMagic,1,True,True,"Action,Role-Playing (RPG)",Ubisoft,68,0.09,Nintendo DS,T,2006
Magnetica,1,True,True,"Action,Strategy",Nintendo,68,0.09,Nintendo DS,T,2006
Def Jam Fight for NY: The Takeover,1,True,True,Action,EA,79,0.09,Sony PSP,T,2006
NASCAR 07,1,True,True,"Racing / Driving,Simulation",EA,66,0.09,Sony PSP,T,2006
The Ant Bully,1,True,True,Action,Midway,45,0.09,Nintendo Wii,T,2006
Just Cause,1,True,True,"Action,Racing / Driving",Eidos,73,0.09,X360,E,2006
Onechanbara: Bikini Samurai Squad,1,True,True,Action,,39,0.09,X360,E,2006
Phantasy Star Universe,1,True,True,Role-Playing (RPG),Sega,64,0.09,X360,E,2006
Project Sylpheed: Arc of Deception,1,True,True,Action,"Microsoft,SquareEnix",64,0.09,X360,T,2006
Winning Eleven: Pro Evolution Soccer 2007,6,True,True,Sports,Konami,80,0.08,X360,E,2006
Kororinpa: Marble Mania,2,True,True,"Action,Strategy",Nintendo,69,0.08,Nintendo Wii,T,2006
Digimon World DS,1,True,True,Role-Playing (RPG),Namco,49,0.08,Nintendo DS,E,2006
Justice League Heroes,1,True,True,Action,,43,0.08,Nintendo DS,E,2006
Innocent Life: A Futuristic Harvest Moon,1,True,True,"Role-Playing (RPG),Simulation,Strategy",,67,0.08,Sony PSP,E,2006
Power Stone Collection,1,True,True,Action,Capcom,74,0.08,Sony PSP,M,2006
EA Replay,4,True,True,"Action,Role-Playing (RPG),Simulation,Sports,Strategy",EA,56,0.07,Sony PSP,E,2006
Open Season,4,True,True,Action,Ubisoft,49,0.07,Nintendo Wii,M,2006
Samurai Warriors 2,4,True,True,Action,,52,0.07,X360,M,2006
Far Cry: Vengeance,2,True,True,Action,Ubisoft,38,0.07,Nintendo Wii,E,2006
Import Tuner Challenge,2,True,True,Racing / Driving,Ubisoft,54,0.07,X360,E,2006
Contact,1,True,True,"Adventure,Role-Playing (RPG)",,73,0.07,Nintendo DS,E,2006
Touch Detective,1,True,True,Adventure,,60,0.07,Nintendo DS,T,2006
FIFA Street 2,1,True,True,Sports,EA,58,0.07,Sony PSP,T,2006
007: From Russia with Love,1,True,True,"Action,Racing / Driving",EA,61,0.07,Sony PSP,T,2006
PaRappa the Rapper,1,True,True,Action,Sony,67,0.07,Sony PSP,T,2006
Riviera: The Promised Land,1,True,True,Role-Playing (RPG),,68,0.07,Sony PSP,M,2006
Samurai Warriors: State of War,1,True,True,Action,,64,0.07,Sony PSP,E,2006
Viewtiful Joe: Red Hot Rumble,1,True,True,Action,Capcom,63,0.07,Sony PSP,E,2006
Ice Age 2: The Meltdown,1,True,True,Action,,66,0.07,Nintendo Wii,E,2006
Rumble Roses XX,4,True,True,"Action,Sports",Konami,62,0.06,X360,E,2006
Bionicle Heroes,1,True,True,Action,Eidos,72,0.06,Nintendo DS,T,2006
Deep Labyrinth,1,True,True,Role-Playing (RPG),,57,0.06,Nintendo DS,T,2006
Blade Dancer: Lineage of Light,1,True,True,Role-Playing (RPG),,60,0.06,Sony PSP,E,2006
Every Extend Extra,1,True,True,Action,,74,0.06,Sony PSP,E,2006
Ultimate Ghosts 'N' Goblins,1,True,True,Action,Capcom,72,0.06,Sony PSP,E,2006
Xiaolin Showdown,1,True,True,Action,Konami,44,0.06,Sony PSP,M,2006
Bionicle Heroes,1,True,True,Action,Eidos,59,0.06,X360,T,2006
Bullet Witch,1,True,True,Action,Atari,55,0.06,X360,M,2006
Death Jr. II: Root of Evil,2,True,True,Action,Konami,68,0.05,Sony PSP,E,2006
Alex Rider: Stormbreaker,1,True,True,"Action,Adventure",THQ,48,0.05,Nintendo DS,M,2006
Cartoon Network Racing,1,True,True,Racing / Driving,,55,0.05,Nintendo DS,E,2006
Guilty Gear: Dust Strikers,1,True,True,Action,,60,0.05,Nintendo DS,E,2006
Gunpey DS,1,True,True,Strategy,Namco,70,0.05,Nintendo DS,E,2006
Lara Croft Tomb Raider: Legend,1,True,True,"Action,Racing / Driving",Eidos,58,0.05,Nintendo DS,E,2006
Worms: Open Warfare,1,True,True,"Action,Strategy",THQ,64,0.05,Nintendo DS,E,2006
Mercury Meltdown,1,True,True,Strategy,,78,0.05,Sony PSP,M,2006
MTX Mototrax,1,True,True,"Racing / Driving,Sports",Activision,67,0.05,Sony PSP,M,2006
Snoopy vs. the Red Baron,1,True,True,Action,Namco,76,0.05,Sony PSP,E,2006
Super Monkey Ball Adventure,1,True,True,"Action,Racing / Driving",Sega,56,0.05,Sony PSP,E,2006
Ys VI: The Ark of Napishtim,1,True,True,"Action,Role-Playing (RPG)",Konami,64,0.05,Sony PSP,E,2006
Bomberman Land Touch!,1,True,True,Action,,78,0.04,Nintendo DS,E,2006
Point Blank DS,1,True,True,Action,"Atari,Namco",66,0.04,Nintendo DS,M,2006
Scurge: Hive,1,True,True,Action,,70,0.04,Nintendo DS,M,2006
Star Trek: Tactical Assault,1,True,True,"Action,Strategy",Ubisoft,63,0.04,Nintendo DS,T,2006
Tao's Adventure: Curse of the Demon Seal,1,True,True,Role-Playing (RPG),Konami,50,0.04,Nintendo DS,E,2006
Ford Bold Moves Street Racing,1,True,True,Racing / Driving,Eidos,52,0.04,Sony PSP,T,2006
Gitaroo Man Lives!,1,True,True,Simulation,,80,0.04,Sony PSP,E,2006
Gradius Collection,1,True,True,Action,Konami,76,0.04,Sony PSP,T,2006
The Legend of Heroes II: Prophecy of the Moonli...,1,True,True,Role-Playing (RPG),Namco,63,0.04,Sony PSP,E,2006
Pac-Man World Rally,1,True,True,"Action,Racing / Driving",Namco,51,0.04,Sony PSP,T,2006
Bomberman: Act Zero,1,True,True,Action,Konami,34,0.04,X360,E,2006
Earth Defense Force 2017,2,True,True,Action,,69,0.03,X360,T,2006
WarTech: Senko no Ronde,2,True,True,Action,Ubisoft,60,0.03,X360,T,2006
MechAssault: Phantom War,1,True,True,Action,,66,0.03,Nintendo DS,E,2006
Astonishia Story,1,True,True,"Role-Playing (RPG),Strategy",Ubisoft,48,0.03,Sony PSP,T,2006
B-Boy,1,True,True,Action,Sony,50,0.03,Sony PSP,E,2006
BattleZone,1,True,True,Action,Atari,57,0.03,Sony PSP,E,2006
Bounty Hounds,1,True,True,"Action,Strategy",Namco,63,0.03,Sony PSP,T,2006
Bubble Bobble Evolution,1,True,True,Action,,47,0.03,Sony PSP,E,2006
MotoGP,1,True,True,"Racing / Driving,Sports",Sony,69,0.03,Sony PSP,E,2006
OutRun 2006: Coast 2 Coast,1,True,True,Racing / Driving,Sega,82,0.03,Sony PSP,E,2006
Warhammer: Battle for Atluma,1,True,True,Strategy,Namco,55,0.03,Sony PSP,M,2006
SBK: Snowboard Kids,1,True,True,"Action,Sports",,63,0.02,Nintendo DS,E,2006
Tenchu: Dark Secret,1,True,True,Action,Nintendo,37,0.02,Nintendo DS,E,2006
Dungeon Maker: Hunting Ground,1,True,True,"Action,Role-Playing (RPG)",,70,0.02,Sony PSP,E,2006
Metal Gear Solid: Digital Graphic Novel,1,True,True,Adventure,Konami,78,0.02,Sony PSP,T,2006
Star Trek: Tactical Assault,1,True,True,"Action,Strategy",Ubisoft,64,0.02,Sony PSP,E,2006
Micro Machines V4,2,True,True,"Action,Racing / Driving",,61,0.01,Sony PSP,E,2006
Platypus,2,True,True,Action,,59,0.01,Sony PSP,T,2006
Custom Robo Arena,1,True,True,"Action,Role-Playing (RPG)",Nintendo,74,0.01,Nintendo DS,T,2006
Gurumin: A Monstrous Adventure,1,True,True,Action,,78,0.01,Sony PSP,T,2006
Spider-Man 3,1,True,True,Action,Ubisoft,58,0.01,Sony PSP,M,2006
Wii Fit,1,True,True,"Educational,Sports",Nintendo,80,9.6,Nintendo Wii,T,2007
Halo 3,4,True,True,Action,Microsoft,94,8.03,X360,E,2007
Call of Duty 4: Modern Warfare,4,True,True,Action,Activision,94,5.77,X360,E,2007
Super Mario Galaxy,2,True,True,Action,Nintendo,97,4.94,Nintendo Wii,E,2007
Mario Party DS,1,True,True,"Action,Strategy",Nintendo,72,4.34,Nintendo DS,T,2007
Mario Party 8,4,True,True,"Action,Strategy",Nintendo,62,3.84,Nintendo Wii,T,2007
Guitar Hero III: Legends of Rock,2,True,True,"Action,Simulation",Activision,85,3.28,X360,T,2007
Link's Crossbow Training,1,True,True,Action,Nintendo,68,3.2,Nintendo Wii,E,2007
Guitar Hero III: Legends of Rock,2,True,True,"Action,Simulation",Activision,86,3.19,Nintendo Wii,T,2007
Assassin's Creed,1,True,True,Action,Ubisoft,81,3.17,X360,T,2007
LEGO Star Wars: The Complete Saga,2,True,True,Action,,80,3.03,Nintendo Wii,M,2007
Call of Duty 4: Modern Warfare,4,True,True,Action,Activision,94,2.91,PlayStation 3,E,2007
Mario & Sonic at the Olympic Games,4,True,True,"Action,Sports","Nintendo,Sega",67,2.74,Nintendo Wii,E,2007
LEGO Star Wars: The Complete Saga,1,True,True,"Action,Racing / Driving",,80,2.66,Nintendo DS,E,2007
Forza Motorsport 2,2,True,True,Racing / Driving,Microsoft,90,2.48,X360,T,2007
Madden NFL 08,4,True,True,Sports,EA,85,2.32,X360,E,2007
Guitar Hero II,2,True,True,"Action,Simulation",Activision,92,2.04,X360,T,2007
Rock Band,4,True,True,"Action,Simulation",,92,2.02,X360,E,2007
The Legend of Zelda: Phantom Hourglass,1,True,True,Action,Nintendo,90,1.92,Nintendo DS,E,2007
Pokmon Mystery Dungeon: Explorers of Darkness,1,True,True,Role-Playing (RPG),Nintendo,59,1.91,Nintendo DS,E,2007
Pokmon Mystery Dungeon: Explorers of Time,1,True,True,Role-Playing (RPG),Nintendo,59,1.91,Nintendo DS,T,2007
Assassin's Creed,1,True,True,Action,Ubisoft,81,1.77,PlayStation 3,T,2007
Uncharted: Drake's Fortune,1,True,True,Action,Sony,88,1.76,PlayStation 3,T,2007
Mass Effect,1,True,True,"Action,Role-Playing (RPG)",Microsoft,91,1.57,X360,T,2007
Cooking Mama 2: Dinner with Friends,1,True,True,Simulation,,70,1.56,Nintendo DS,E,2007
BioShock,1,True,True,Action,2K,96,1.52,X360,T,2007
Super Paper Mario,1,True,True,"Action,Role-Playing (RPG)",Nintendo,85,1.5,Nintendo Wii,E,2007
Game Party,4,True,True,Action,Midway,25,1.49,Nintendo Wii,T,2007
Ratchet & Clank: Size Matters,1,True,True,Action,Sony,85,1.47,Sony PSP,E,2007
Dance Dance Revolution Hottest Party,4,True,True,Action,Konami,73,1.45,Nintendo Wii,T,2007
Cooking Mama: Cook Off,2,True,True,Simulation,,61,1.38,Nintendo Wii,M,2007
Gran Turismo 5: Prologue,2,True,True,"Racing / Driving,Simulation",Sony,80,1.31,PlayStation 3,E,2007
Professor Layton and the Curious Village,1,True,True,"Adventure,Educational,Strategy",Nintendo,85,1.26,Nintendo DS,E,2007
Resident Evil 4,1,True,True,Action,Capcom,91,1.24,Nintendo Wii,T,2007
The Elder Scrolls IV: Oblivion,1,True,True,"Action,Role-Playing (RPG)",Ubisoft,93,1.2,PlayStation 3,T,2007
Transformers: Autobots,1,True,True,"Action,Racing / Driving",Activision,67,1.17,Nintendo DS,E,2007
Transformers: Decepticons,1,True,True,"Action,Racing / Driving",Activision,66,1.17,Nintendo DS,M,2007
Diddy Kong Racing DS,1,True,True,"Racing / Driving,Sports",Nintendo,63,1.16,Nintendo DS,T,2007
Big Brain Academy: Wii Degree,8,True,True,Action,Nintendo,68,1.1,Nintendo Wii,M,2007
Need for Speed: ProStreet,2,True,True,Racing / Driving,EA,72,1.1,X360,T,2007
Deal or No Deal,1,True,True,Strategy,,20,1.1,Nintendo DS,E,2007
LEGO Star Wars: The Complete Saga,2,True,True,Action,,80,1.09,X360,T,2007
Sonic and the Secret Rings,4,True,True,Action,Sega,69,1.08,Nintendo Wii,E,2007
The Orange Box,1,True,True,Action,,96,1.06,X360,E,2007
Crackdown,1,True,True,"Action,Racing / Driving,Role-Playing (RPG)",Microsoft,83,1.02,X360,M,2007
Rock Band,4,True,True,"Action,Simulation",,92,1.01,PlayStation 3,M,2007
Tiger Woods PGA Tour 08,4,True,True,Sports,EA,72,1,Nintendo Wii,T,2007
WWE Smackdown vs. Raw 2008,4,True,True,Sports,THQ,71,0.96,X360,T,2007
Madden NFL 08,4,True,True,Sports,EA,81,0.94,PlayStation 3,T,2007
Call of Duty 4: Modern Warfare,1,True,True,Action,Activision,75,0.94,Nintendo DS,T,2007
MySims,1,True,True,"Simulation,Strategy",EA,68,0.94,Nintendo Wii,T,2007
Mario Strikers Charged,4,True,True,"Action,Sports",Nintendo,79,0.93,Nintendo Wii,E,2007
Star Wars Battlefront: Renegade Squadron,1,True,True,Action,,73,0.93,Sony PSP,T,2007
Flash Focus: Vision Training in Minutes a Day,1,True,True,Action,Nintendo,59,0.91,Nintendo DS,T,2007
Metroid Prime 3: Corruption,1,True,True,Action,Nintendo,90,0.91,Nintendo Wii,T,2007
Tom Clancy's Ghost Recon: Advanced Warfighter 2...,1,True,True,Action,Ubisoft,86,0.89,X360,T,2007
Madden NFL 08,4,True,True,Sports,EA,76,0.86,Nintendo Wii,M,2007
Ratchet & Clank Future: Tools of Destruction,1,True,True,Action,Sony,89,0.86,PlayStation 3,E,2007
LEGO Star Wars: The Complete Saga,2,True,True,Action,,80,0.85,PlayStation 3,M,2007
Rayman Raving Rabbids 2,4,True,True,Action,Ubisoft,67,0.84,Nintendo Wii,T,2007
NBA 2K8 ,1,True,True,Sports,2K,81,0.83,X360,M,2007
Namco Museum DS,1,True,True,Action,Namco,67,0.8,Nintendo DS,E,2007
Need for Speed: ProStreet,2,True,True,Racing / Driving,EA,73,0.75,PlayStation 3,T,2007
Blazing Angels: Squadrons of WWII,2,True,True,Action,Ubisoft,57,0.75,Nintendo Wii,E,2007
Drawn to Life,1,True,True,Action,THQ,73,0.75,Nintendo DS,T,2007
EA Playground,4,True,True,"Action,Racing / Driving,Sports",EA,66,0.72,Nintendo Wii,T,2007
Major League Baseball 2K7,2,True,True,Sports,2K,79,0.7,X360,E,2007
Resident Evil: The Umbrella Chronicles,2,True,True,Action,"Capcom,Nintendo",75,0.69,Nintendo Wii,T,2007
NCAA Football 08,2,True,True,Sports,EA,81,0.68,X360,E,2007
Spectrobes,1,True,True,"Action,Strategy",,63,0.68,Nintendo DS,E,2007
The Sims 2: Castaway,1,True,True,Simulation,EA,66,0.66,Nintendo DS,M,2007
WWE Smackdown vs. Raw 2008,6,True,True,Sports,THQ,74,0.64,PlayStation 3,E,2007
Madden NFL 08,1,True,True,Sports,EA,75,0.64,Sony PSP,E,2007
NBA Live 08,4,True,True,Sports,EA,73,0.6,PlayStation 3,M,2007
The Simpsons Game,1,True,True,Action,EA,69,0.6,Nintendo DS,M,2007
Ace Combat 6: Fires of Liberation,1,True,True,"Action,Simulation",Namco,80,0.58,X360,E,2007
Heavenly Sword,1,True,True,Action,Sony,79,0.57,PlayStation 3,E,2007
Ninja Gaiden Sigma,1,True,True,Action,,88,0.57,PlayStation 3,E,2007
Ben 10: Protector of the Earth,1,True,True,Action,,63,0.57,Nintendo Wii,T,2007
The Simpsons Game,2,True,True,Action,EA,71,0.55,X360,T,2007
CrossworDS,1,True,True,"Educational,Strategy",,67,0.53,Nintendo DS,T,2007
Sonic Rush Adventure,1,True,True,"Action,Sports",Sega,78,0.52,Nintendo DS,T,2007
Tiger Woods PGA Tour 08,4,True,True,Sports,EA,80,0.51,X360,T,2007
Tony Hawk's Proving Ground,2,True,True,Sports,Activision,72,0.51,X360,T,2007
Call of Duty: Roads to Victory,1,True,True,Action,Activision,64,0.51,Sony PSP,E,2007
Transformers: The Game,1,True,True,Action,Activision,52,0.51,X360,M,2007
NBA 2K8,7,True,True,Sports,2K,81,0.5,PlayStation 3,M,2007
Medal of Honor: Heroes 2,1,True,True,Action,EA,69,0.5,Sony PSP,E,2007
Spider-Man 3,1,True,True,Action,Activision,63,0.5,X360,E,2007
Tom Clancy's Rainbow Six: Vegas,2,True,True,Action,Ubisoft,86,0.49,PlayStation 3,E,2007
Need for Speed: ProStreet,2,True,True,Racing / Driving,EA,61,0.49,Nintendo Wii,M,2007
NBA LIVE 08 ,1,True,True,Sports,EA,73,0.49,X360,T,2007
Dance Dance Revolution Universe 2,4,True,True,Action,Konami,65,0.48,X360,T,2007
MX vs. ATV Untamed,2,True,True,Racing / Driving,THQ,70,0.48,X360,T,2007
Final Fantasy IV,1,True,True,Role-Playing (RPG),SquareEnix,85,0.48,Nintendo DS,T,2007
NBA Street Homecourt,4,True,True,Sports,EA,80,0.47,X360,T,2007
The Simpsons Game,2,True,True,Action,EA,64,0.47,Nintendo Wii,T,2007
Winter Sports: The Ultimate Challenge,1,True,True,"Racing / Driving,Sports",,52,0.47,Nintendo Wii,E,2007
WWE Smackdown vs. Raw 2008,4,True,True,Sports,THQ,68,0.46,Sony PSP,E,2007
Tiger Woods PGA Tour 07,4,True,True,Sports,EA,71,0.46,Nintendo Wii,T,2007
Crash of the Titans,1,True,True,Action,,73,0.46,Nintendo DS,T,2007
Sonic Rivals 2,1,True,True,Action,Sega,60,0.46,Sony PSP,M,2007
Boogie,2,True,True,Action,EA,57,0.45,Nintendo Wii,T,2007
Medal of Honor: Airborne,2,True,True,Action,EA,73,0.45,X360,E,2007
The Sims 2: Castaway,1,True,True,Simulation,EA,73,0.45,Nintendo Wii,T,2007
Spider-Man 3,1,True,True,Action,Activision,53,0.45,Nintendo Wii,T,2007
Lost Odyssey,1,True,True,Role-Playing (RPG),Microsoft,78,0.45,X360,T,2007
Bee Movie Game,1,True,True,Adventure,Activision,58,0.44,Nintendo DS,E,2007
Spider-Man 3,1,True,True,Action,Activision,79,0.44,Nintendo DS,M,2007
Final Fantasy Tactics,1,True,True,"Role-Playing (RPG),Strategy",SquareEnix,88,0.44,Sony PSP,M,2007
Endless Ocean,1,True,True,Simulation,Nintendo,72,0.44,Nintendo Wii,E,2007
SingStar,6,True,True,Simulation,Sony,82,0.43,PlayStation 3,E,2007
Ratatouille,1,True,True,Action,THQ,62,0.43,Nintendo Wii,T,2007
The Sims 2: Pets,1,True,True,Simulation,EA,65,0.43,Nintendo Wii,T,2007
Two Worlds,1,True,True,"Action,Role-Playing (RPG)",,50,0.43,X360,M,2007
Crash of the Titans,2,True,True,Action,,69,0.42,Nintendo Wii,E,2007
Sonic the Hedgehog,2,True,True,Action,Sega,46,0.41,X360,T,2007
Mega Man Star Force: Dragon,1,True,True,"Action,Role-Playing (RPG)",Capcom,60,0.41,Nintendo DS,T,2007
Sonic the Hedgehog,2,True,True,Action,Sega,43,0.4,PlayStation 3,M,2007
Harry Potter and the Order of the Phoenix,1,True,True,Action,EA,69,0.4,Nintendo Wii,T,2007
Nicktoons: Attack of the Toybots,1,True,True,Action,THQ,60,0.4,Nintendo Wii,T,2007
WWE Smackdown vs. Raw 2008,4,True,True,Sports,THQ,59,0.39,Nintendo Wii,M,2007
The Simpsons Game,2,True,True,Action,EA,71,0.39,PlayStation 3,E,2007
DiRT,1,True,True,"Racing / Driving,Simulation,Sports",,83,0.39,X360,E,2007
Kane & Lynch: Dead Men,2,True,True,Action,Eidos,65,0.38,X360,E,2007
Jam Sessions,1,True,True,"Educational,Simulation",Ubisoft,72,0.38,Nintendo DS,T,2007
Monster Hunter Freedom 2,1,True,True,"Action,Strategy",Capcom,72,0.38,Sony PSP,T,2007
Shadowrun,1,True,True,Action,Microsoft,66,0.38,X360,E,2007
Thrillville: Off the Rails,4,True,True,"Simulation,Strategy",,70,0.37,Nintendo Wii,E,2007
Tony Hawk's Proving Ground,2,True,True,Sports,Activision,73,0.37,PlayStation 3,E,2007
My Word Coach,1,True,True,Educational,Ubisoft,71,0.37,Nintendo DS,T,2007
The World Ends With You,1,True,True,"Action,Adventure,Role-Playing (RPG)",SquareEnix,88,0.37,Nintendo DS,M,2007
The BIGS,4,True,True,"Action,Simulation,Sports",2K,66,0.36,Nintendo Wii,M,2007
NCAA Football 08,2,True,True,Sports,EA,77,0.36,PlayStation 3,T,2007
Final Fantasy Tactics A2: Grimoire of the Rift,1,True,True,"Role-Playing (RPG),Strategy",SquareEnix,80,0.36,Nintendo DS,E,2007
Beowulf: The Game,1,True,True,Action,Ubisoft,51,0.36,X360,E,2007
The Darkness,1,True,True,Action,2K,82,0.36,X360,M,2007
Tom Clancy's Ghost Recon: Advanced Warfighter 2...,4,True,True,Action,Ubisoft,84,0.35,PlayStation 3,T,2007
Final Fantasy,1,True,True,Role-Playing (RPG),SquareEnix,67,0.35,Sony PSP,T,2007
Lair,1,True,True,Action,Sony,53,0.35,PlayStation 3,E,2007
Transformers: The Game,1,True,True,Action,Activision,53,0.35,Nintendo Wii,T,2007
Command & Conquer 3: Tiberium Wars,1,True,True,Strategy,EA,82,0.35,X360,T,2007
Overlord,1,True,True,"Action,Strategy",,76,0.35,X360,M,2007
Diner Dash,1,True,True,Action,,64,0.34,Nintendo DS,T,2007
Medal of Honor: Heroes 2,1,True,True,Action,EA,73,0.34,Nintendo Wii,E,2007
MX vs. ATV Untamed,2,True,True,Racing / Driving,THQ,67,0.33,PlayStation 3,T,2007
Time Crisis 4,2,True,True,Action,Namco,60,0.33,PlayStation 3,M,2007
Dragon Ball Z: Budokai Tenkaichi 3,2,True,True,Action,Atari,72,0.33,Nintendo Wii,E,2007
Final Fantasy XII: Revenant Wings,1,True,True,"Role-Playing (RPG),Strategy",SquareEnix,81,0.33,Nintendo DS,T,2007
SOCOM: U.S. Navy SEALs - Tactical Strike,1,True,True,"Action,Strategy",Sony,72,0.33,Sony PSP,M,2007
Unreal Tournament III,1,True,True,Action,Midway,86,0.33,PlayStation 3,M,2007
Bee Movie Game,2,True,True,Action,Activision,62,0.32,Nintendo Wii,E,2007
Def Jam: Icon,2,True,True,Action,EA,69,0.32,X360,M,2007
Transformers: The Game,1,True,True,Action,Activision,54,0.32,PlayStation 3,E,2007
TimeShift,1,True,True,Action,,70,0.32,X360,M,2007
SSX Blur,4,True,True,Sports,EA,74,0.31,Nintendo Wii,E,2007
Bleach: The Blade of Fate,1,True,True,Action,Sega,83,0.31,Nintendo DS,E,2007
EA Playground,1,True,True,"Racing / Driving,Sports",EA,60,0.31,Nintendo DS,E,2007
Final Fantasy II,1,True,True,Role-Playing (RPG),SquareEnix,63,0.31,Sony PSP,E,2007
The Eye of Judgment,2,True,True,Strategy,Sony,75,0.3,PlayStation 3,E,2007
MLB 07: The Show,2,True,True,Sports,Sony,77,0.3,PlayStation 3,T,2007
Virtua Fighter 5,2,True,True,Action,Sega,85,0.3,PlayStation 3,M,2007
NiGHTS: Journey of Dreams,2,True,True,Action,Sega,69,0.3,Nintendo Wii,M,2007
Puzzle Quest: Challenge of the Warlords,1,True,True,"Role-Playing (RPG),Strategy",,82,0.3,Nintendo DS,E,2007
NBA Live 08,1,True,True,Sports,EA,73,0.3,Sony PSP,E,2007
Kane & Lynch: Dead Men,2,True,True,Action,Eidos,64,0.29,PlayStation 3,E,2007
Crash of the Titans,2,True,True,Action,,65,0.29,X360,E,2007
Harry Potter and the Order of the Phoenix,1,True,True,Action,EA,51,0.29,Nintendo DS,E,2007
SimCity DS,1,True,True,Simulation,EA,69,0.29,Nintendo DS,T,2007
Wario: Master of Disguise,1,True,True,Action,Nintendo,60,0.29,Nintendo DS,E,2007
No More Heroes,1,True,True,"Action,Racing / Driving",Ubisoft,83,0.29,Nintendo Wii,M,2007
BlackSite: Area 51,1,True,True,Action,Midway,62,0.29,X360,E,2007
Shrek the Third,2,True,True,Action,Activision,56,0.28,X360,E,2007
Shrek the Third,1,True,True,Adventure,Activision,70,0.28,Nintendo DS,T,2007
Surf's Up,1,True,True,"Racing / Driving,Sports",Ubisoft,56,0.28,Nintendo DS,T,2007
MLB 07: The Show,1,True,True,Sports,Sony,82,0.28,Sony PSP,E,2007
TMNT,1,True,True,Action,Ubisoft,58,0.28,X360,E,2007
Spider-Man: Friend or Foe,2,True,True,Action,Activision,60,0.27,X360,E,2007
Contra 4,1,True,True,Action,Konami,83,0.27,Nintendo DS,T,2007
Phoenix Wright: Ace Attorney - Trials and Tribu...,1,True,True,"Adventure,Simulation",Capcom,81,0.27,Nintendo DS,T,2007
Disney Pirates of the Caribbean: At World's End,1,True,True,Action,Disney,66,0.27,Nintendo DS,T,2007
Dragon Ball Z: Shin Budokai - Another Road,1,True,True,Action,"Atari,Namco",65,0.27,Sony PSP,E,2007
Spider-Man 3,1,True,True,Action,Activision,60,0.27,PlayStation 3,E,2007
The Golden Compass,1,True,True,Action,Sega,41,0.27,X360,M,2007
Stuntman: Ignition,4,True,True,"Action,Racing / Driving",THQ,75,0.26,X360,T,2007
Chicken Shoot,2,True,True,Action,,27,0.26,Nintendo Wii,E,2007
Shrek the Third,2,True,True,Action,Activision,57,0.26,Nintendo Wii,E,2007
DK: Jungle Climber,1,True,True,"Action,Strategy",Nintendo,77,0.26,Nintendo DS,T,2007
Dragon Quest IV: Chapters of the Chosen,1,True,True,Role-Playing (RPG),SquareEnix,80,0.26,Nintendo DS,T,2007
300: March to Glory,1,True,True,Action,Eidos,55,0.26,Sony PSP,E,2007
Fire Emblem: Radiant Dawn,1,True,True,"Role-Playing (RPG),Strategy",Nintendo,78,0.26,Nintendo Wii,T,2007
The Golden Compass,1,True,True,Action,Sega,35,0.26,Nintendo Wii,E,2007
Manhunt 2,1,True,True,Action,Rockstar,62,0.26,Nintendo Wii,E,2007
NASCAR 08,1,True,True,"Racing / Driving,Sports",EA,59,0.25,X360,E,2007
Virtua Tennis 3,4,True,True,Sports,Sega,80,0.24,PlayStation 3,E,2007
All-Pro Football 2K8,4,True,True,Sports,2K,75,0.24,X360,T,2007
Major League Baseball 2K7,2,True,True,Sports,2K,74,0.24,PlayStation 3,M,2007
The Warriors,1,True,True,Action,Rockstar,52,0.24,Sony PSP,T,2007
Ghost Rider,4,True,True,Action,2K,49,0.23,Sony PSP,T,2007
Tony Hawk's Proving Ground,2,True,True,Sports,Activision,57,0.23,Nintendo Wii,E,2007
Juiced 2: Hot Import Nights,2,True,True,Racing / Driving,THQ,68,0.23,X360,E,2007
Juiced 2: Hot Import Nights,1,True,True,Racing / Driving,THQ,72,0.23,Nintendo DS,T,2007
The Simpsons Game,1,True,True,Action,EA,59,0.23,Sony PSP,M,2007
Syphon Filter: Logan's Shadow,1,True,True,"Action,Strategy",Sony,85,0.23,Sony PSP,T,2007
Tiger Woods PGA Tour 08,4,True,True,Sports,EA,79,0.22,PlayStation 3,T,2007
Ratatouille,4,True,True,Action,THQ,56,0.22,X360,T,2007
Trauma Center: New Blood,2,True,True,"Action,Simulation",Nintendo,77,0.22,Nintendo Wii,E,2007
Hotel Dusk: Room 215,1,True,True,Adventure,Nintendo,78,0.22,Nintendo DS,E,2007
Mega Man ZX Advent,1,True,True,Action,Capcom,78,0.22,Nintendo DS,T,2007
Silent Hill: 0rigins,1,True,True,Action,Konami,78,0.22,Sony PSP,E,2007
Harry Potter and the Order of the Phoenix,1,True,True,Action,EA,68,0.22,X360,M,2007
NHL 08 ,1,True,True,Sports,EA,85,0.22,X360,E,2007
Castlevania: The Dracula X Chronicles,2,True,True,Action,Konami,80,0.21,Sony PSP,E,2007
Tony Hawk's Proving Ground,1,True,True,Sports,Activision,39,0.21,Nintendo DS,M,2007
Jeanne d'Arc,1,True,True,"Role-Playing (RPG),Strategy",Sony,87,0.21,Sony PSP,T,2007
BWii: Battalion Wars 2,1,True,True,"Action,Simulation,Strategy",Nintendo,75,0.21,Nintendo Wii,T,2007
Battlestations: Midway,1,True,True,"Action,Strategy",Eidos,73,0.21,X360,T,2007
Dragon Ball Z: Harukanaru Densetsu,1,True,True,Strategy,Atari,57,0.2,Nintendo DS,T,2007
Touch the Dead,1,True,True,Action,,56,0.2,Nintendo DS,T,2007
The Darkness,1,True,True,Action,2K,80,0.2,PlayStation 3,E,2007
Donkey Kong Barrel Blast,4,True,True,Racing / Driving,Nintendo,46,0.19,Nintendo Wii,T,2007
The BIGS,4,True,True,"Action,Simulation,Sports",2K,79,0.19,X360,M,2007
Armored Core 4,2,True,True,Action,Sega,65,0.19,X360,E,2007
Etrian Odyssey,1,True,True,Role-Playing (RPG),Nintendo,75,0.19,Nintendo DS,E,2007
Ben 10: Protector of the Earth,1,True,True,Action,,60,0.19,Sony PSP,T,2007
Tom Clancy's Splinter Cell: Double Agent,1,True,True,"Action,Strategy",Ubisoft,78,0.19,PlayStation 3,M,2007
Looney Tunes: Acme Arsenal,1,True,True,Action,,27,0.19,Nintendo Wii,T,2007
Zack & Wiki: Quest for Barbaros' Treasure,1,True,True,Adventure,Capcom,87,0.19,Nintendo Wii,E,2007
Monster Jam,4,True,True,Sports,Activision,43,0.18,X360,M,2007
Virtua Fighter 5,2,True,True,Action,Sega,89,0.18,X360,E,2007
Lunar Knights,1,True,True,Action,Konami,82,0.18,Nintendo DS,T,2007
Enchanted Arms,1,True,True,Role-Playing (RPG),Ubisoft,64,0.18,PlayStation 3,E,2007
F.E.A.R.: First Encounter Assault Recon,1,True,True,Action,,72,0.18,PlayStation 3,T,2007
Folklore,1,True,True,"Action,Role-Playing (RPG)",Sony,75,0.18,PlayStation 3,E,2007
Juiced 2: Hot Import Nights,1,True,True,Racing / Driving,THQ,71,0.18,PlayStation 3,T,2007
The Elder Scrolls IV: Shivering Isles,1,True,True,"Action,Role-Playing (RPG)",,86,0.18,X360,E,2007
NHL 08,7,True,True,Sports,EA,86,0.17,PlayStation 3,T,2007
NCAA 07 March Madness,4,True,True,Sports,EA,67,0.17,X360,E,2007
Rayman Raving Rabbids,4,True,True,Action,Ubisoft,67,0.17,X360,M,2007
Viva Pi$?ata: Party Animals,4,True,True,Racing / Driving,Microsoft,56,0.17,X360,T,2007
Warriors Orochi,2,True,True,"Action,Role-Playing (RPG)",,53,0.17,X360,E,2007
Luminous Arc,1,True,True,"Role-Playing (RPG),Strategy",,70,0.17,Nintendo DS,T,2007
Picross DS,1,True,True,Strategy,Nintendo,83,0.17,Nintendo DS,E,2007
Harry Potter and the Order of the Phoenix,1,True,True,Action,EA,67,0.17,PlayStation 3,E,2007
College Hoops 2K7,6,True,True,Sports,2K,81,0.16,PlayStation 3,E,2007
The BIGS,4,True,True,"Action,Simulation,Sports",2K,80,0.16,PlayStation 3,T,2007
Stuntman: Ignition,4,True,True,"Action,Racing / Driving",THQ,76,0.16,PlayStation 3,E,2007
Mortal Kombat: Armageddon,4,True,True,"Action,Racing / Driving",Midway,71,0.16,Nintendo Wii,E,2007
Def Jam: Icon,2,True,True,Action,EA,68,0.16,PlayStation 3,E,2007
Soulcalibur Legends,2,True,True,Action,Namco,52,0.16,Nintendo Wii,E,2007
Surf's Up,2,True,True,Sports,Ubisoft,64,0.16,Nintendo Wii,T,2007
Planet Puzzle League,1,True,True,Strategy,Nintendo,86,0.16,Nintendo DS,E,2007
DiRT,1,True,True,"Racing / Driving,Simulation,Sports",,83,0.16,PlayStation 3,E,2007
TMNT,1,True,True,Action,Ubisoft,60,0.16,Nintendo Wii,E,2007
Soldier of Fortune: Payback,1,True,True,Action,Activision,50,0.16,X360,M,2007
Dynasty Warriors: Gundam,2,True,True,Action,Namco,60,0.15,PlayStation 3,E,2007
Disney Pirates of the Caribbean: At World's End,2,True,True,Action,Disney,55,0.15,PlayStation 3,M,2007
Bee Movie Game,2,True,True,Action,Activision,71,0.15,X360,T,2007
Dynasty Warriors: Gundam,2,True,True,Action,Namco,55,0.15,X360,M,2007
Golden Axe,2,True,True,Action,Sega,45,0.15,X360,M,2007
Dementium: The Ward,1,True,True,Action,,72,0.15,Nintendo DS,M,2007
Rondo of Swords,1,True,True,"Role-Playing (RPG),Strategy",,69,0.15,Nintendo DS,E,2007
Disgaea: Afternoon of Darkness,1,True,True,"Role-Playing (RPG),Strategy",,87,0.15,Sony PSP,M,2007
NASCAR 08,1,True,True,"Racing / Driving,Sports",EA,57,0.15,PlayStation 3,M,2007
Dragon Quest Swords: The Masked Queen and the T...,1,True,True,Action,SquareEnix,65,0.15,Nintendo Wii,T,2007
Call of Juarez,1,True,True,Action,Ubisoft,71,0.15,X360,E,2007
College Hoops 2K8,1,True,True,Sports,2K,81,0.15,X360,M,2007
Eternal Sonata,1,True,True,Role-Playing (RPG),Namco,79,0.15,X360,M,2007
Kingdom Under Fire: Circle of Doom,1,True,True,"Action,Role-Playing (RPG)",Microsoft,55,0.15,X360,E,2007
Vampire Rain,1,True,True,Action,Microsoft,38,0.15,X360,T,2007
All-Pro Football 2K8,6,True,True,Sports,2K,73,0.14,PlayStation 3,T,2007
Mercury Meltdown,2,True,True,Strategy,,77,0.14,Nintendo Wii,E,2007
Conan,1,True,True,"Action,Adventure",THQ,69,0.14,PlayStation 3,E,2007
Godzilla: Unleashed,1,True,True,Action,Atari,44,0.14,Nintendo Wii,E,2007
NBA Live 08,1,True,True,Sports,EA,52,0.14,Nintendo Wii,M,2007
Conan,1,True,True,"Action,Adventure",THQ,69,0.14,X360,E,2007
Spider-Man: Friend or Foe,2,True,True,Action,Activision,59,0.13,Nintendo Wii,T,2007
College Hoops 2K8,7,True,True,Sports,2K,82,0.12,PlayStation 3,M,2007
NBA 08,4,True,True,Sports,Sony,63,0.12,PlayStation 3,M,2007
Thrillville: Off the Rails,4,True,True,"Simulation,Strategy",,73,0.12,X360,E,2007
Geometry Wars: Galaxies,1,True,True,Action,,79,0.12,Nintendo DS,T,2007
Rayman Raving Rabbids,1,True,True,Action,Ubisoft,56,0.12,Nintendo DS,M,2007
WordJong,1,True,True,Strategy,,77,0.12,Nintendo DS,M,2007
"Warhammer 40,000: Squad Command",1,True,True,Strategy,THQ,67,0.12,Sony PSP,T,2007
Beowulf: The Game,1,True,True,Action,Ubisoft,51,0.12,PlayStation 3,T,2007
The Golden Compass,1,True,True,Action,Sega,40,0.12,PlayStation 3,M,2007
Scarface: The World is Yours,1,True,True,"Action,Racing / Driving",,71,0.12,Nintendo Wii,M,2007
Hot Wheels: Beat That!,1,True,True,"Action,Racing / Driving",Activision,43,0.12,X360,T,2007
NHL 2K8 ,1,True,True,Sports,2K,71,0.12,X360,T,2007
NBA Street Homecourt,4,True,True,Sports,EA,81,0.11,PlayStation 3,E,2007
Geometry Wars: Galaxies,2,True,True,Action,,80,0.11,Nintendo Wii,T,2007
Final Fantasy: Crystal Chronicles - Echoes of Time,1,True,True,Action,SquareEnix,75,0.11,Nintendo DS,T,2007
Godzilla Unleashed: Double Smash,1,True,True,Action,Atari,28,0.11,Nintendo DS,T,2007
MX vs. ATV Untamed,1,True,True,Racing / Driving,THQ,61,0.11,Nintendo DS,E,2007
WWE SmackDown vs. Raw 2008,1,True,True,Sports,THQ,61,0.11,Nintendo DS,T,2007
The BIGS,1,True,True,"Action,Simulation,Sports",2K,72,0.11,Sony PSP,M,2007
Brave Story: New Traveler,1,True,True,Role-Playing (RPG),,76,0.11,Sony PSP,T,2007
WipEout Pulse,1,True,True,"Action,Racing / Driving",Sony,82,0.11,Sony PSP,T,2007
TimeShift,1,True,True,Action,,70,0.11,PlayStation 3,M,2007
Star Trek: Conquest,1,True,True,"Action,Strategy",,49,0.11,Nintendo Wii,T,2007
Beautiful Katamari,1,True,True,Action,Namco,73,0.11,X360,M,2007
Hour of Victory,1,True,True,Action,Midway,37,0.11,X360,M,2007
Fantastic Four: Rise of the Silver Surfer,4,True,True,Action,2K,47,0.1,PlayStation 3,M,2007
SEGA Rally Revo,2,True,True,"Racing / Driving,Simulation",Sega,77,0.1,X360,E,2007
7 Wonders of the Ancient World,1,True,True,Strategy,,60,0.1,Nintendo DS,T,2007
Draglade,1,True,True,Action,,71,0.1,Nintendo DS,M,2007
Final Fantasy Fables: Chocobo Tales,1,True,True,Action,SquareEnix,75,0.1,Nintendo DS,M,2007
Marvel Trading Card Game,1,True,True,Strategy,Konami,61,0.1,Nintendo DS,M,2007
Crazy Taxi: Fare Wars,1,True,True,"Action,Racing / Driving",Sega,64,0.1,Sony PSP,E,2007
The Golden Compass,1,True,True,Action,Sega,28,0.1,Sony PSP,E,2007
Harry Potter and the Order of the Phoenix,1,True,True,Action,EA,52,0.1,Sony PSP,E,2007
Bladestorm: The Hundred Years' War,1,True,True,"Action,Role-Playing (RPG),Strategy",,58,0.1,PlayStation 3,E,2007
Surf's Up,4,True,True,Sports,Ubisoft,61,0.09,X360,E,2007
Blazing Angels 2: Secret Missions of WWII,2,True,True,Action,Ubisoft,72,0.09,X360,M,2007
InuYasha: Secret of the Divine Jewel,1,True,True,Role-Playing (RPG),Namco,46,0.09,Nintendo DS,T,2007
The Settlers,1,True,True,Strategy,Ubisoft,39,0.09,Nintendo DS,T,2007
Shrek the Third,1,True,True,Action,Activision,57,0.09,Sony PSP,T,2007
Ratatouille,1,True,True,Action,THQ,55,0.09,PlayStation 3,T,2007
Soldier of Fortune: Payback,1,True,True,Action,Activision,50,0.09,PlayStation 3,E,2007
Heatseeker,1,True,True,Action,,62,0.09,Nintendo Wii,T,2007
NHL 2K8,7,True,True,Sports,,74,0.08,PlayStation 3,E,2007
NCAA March Madness 08,4,True,True,Sports,EA,67,0.08,PlayStation 3,E,2007
Fantastic Four: Rise of the Silver Surfer,4,True,True,Action,2K,45,0.08,X360,E,2007
Monster Madness: Battle for Suburbia,4,True,True,Action,,55,0.08,X360,E,2007
Pro Evolution Soccer 2008,4,True,True,Sports,Konami,76,0.08,X360,M,2007
Blazing Angels 2: Secret Missions of WWII,2,True,True,Action,Ubisoft,70,0.08,PlayStation 3,T,2007
Cake Mania,1,True,True,Action,,55,0.08,Nintendo DS,M,2007
River King: Mystic Valley,1,True,True,"Adventure,Simulation,Sports",,54,0.08,Nintendo DS,T,2007
Touch Detective 2 1/2,1,True,True,Adventure,,67,0.08,Nintendo DS,T,2007
7 Wonders of the Ancient World,1,True,True,Strategy,,51,0.08,Sony PSP,E,2007
Brooktown High,1,True,True,Simulation,Konami,51,0.08,Sony PSP,T,2007
Crush,1,True,True,Action,Sega,83,0.08,Sony PSP,E,2007
Jackass: The Game,1,True,True,Action,,58,0.08,Sony PSP,E,2007
The Sims 2: Castaway,1,True,True,Simulation,EA,64,0.08,Sony PSP,T,2007
Test Drive Unlimited,1,True,True,Racing / Driving,Atari,80,0.08,Sony PSP,M,2007
Thrillville: Off the Rails,1,True,True,"Simulation,Strategy",,72,0.08,Sony PSP,T,2007
Victorious Boxers: Revolution,1,True,True,"Action,Simulation,Sports",Ubisoft,59,0.08,Nintendo Wii,E,2007
Bladestorm: The Hundred Years' War,1,True,True,"Action,Role-Playing (RPG),Strategy",,63,0.08,X360,T,2007
Looney Tunes: Acme Arsenal,4,True,True,Action,,40,0.07,X360,M,2007
SEGA Rally Revo,2,True,True,"Racing / Driving,Simulation",Sega,75,0.07,PlayStation 3,T,2007
Death Jr. and the Science Fair of Doom,1,True,True,Action,Konami,47,0.07,Nintendo DS,M,2007
Indianapolis 500 Legends,1,True,True,Racing / Driving,,51,0.07,Nintendo DS,T,2007
Worms: Open Warfare 2,1,True,True,"Action,Strategy",THQ,81,0.07,Nintendo DS,E,2007
Alien Syndrome,1,True,True,Action,Sega,51,0.07,Sony PSP,E,2007
BlackSite: Area 51,1,True,True,Action,Midway,56,0.07,PlayStation 3,E,2007
Code Lyoko: Quest for Infinity,1,True,True,Action,,58,0.07,Nintendo Wii,T,2007
Super Swing Golf Season 2,1,True,True,Sports,,70,0.07,Nintendo Wii,M,2007
FlatOut: Ultimate Carnage,1,True,True,Racing / Driving,,80,0.07,X360,E,2007
Zoids Assault,1,True,True,"Role-Playing (RPG),Strategy",,46,0.07,X360,M,2007
Alien Syndrome,4,True,True,Action,Sega,48,0.06,Nintendo Wii,E,2007
Tetris Evolution,4,True,True,Strategy,THQ,52,0.06,X360,T,2007
Heroes of Mana,1,True,True,Strategy,SquareEnix,66,0.06,Nintendo DS,T,2007
Myst,1,True,True,Adventure,Midway,43,0.06,Nintendo DS,E,2007
Coded Arms: Contagion,1,True,True,Action,Konami,56,0.06,Sony PSP,E,2007
King of Clubs,1,True,True,Sports,,35,0.06,Nintendo Wii,E,2007
F.E.A.R. Files,1,True,True,Action,,66,0.06,X360,E,2007
Ontamarama,1,True,True,Action,,71,0.05,Nintendo DS,M,2007
Retro Game Challenge,1,True,True,"Action,Racing / Driving,Role-Playing (RPG)",Namco,77,0.05,Nintendo DS,T,2007
Ultimate Mortal Kombat 3,1,True,True,Action,Midway,73,0.05,Nintendo DS,E,2007
"Warhammer 40,000: Squad Command",1,True,True,Strategy,THQ,57,0.05,Nintendo DS,T,2007
Juiced 2: Hot Import Nights,1,True,True,Racing / Driving,THQ,73,0.05,Sony PSP,E,2007
Pursuit Force: Extreme Justice,1,True,True,"Action,Racing / Driving",Sony,73,0.05,Sony PSP,E,2007
Medal of Honor: Vanguard,1,True,True,Action,EA,56,0.05,Nintendo Wii,T,2007
World Series of Poker 2008: Battle for the Brac...,1,True,True,Simulation,Activision,74,0.05,X360,E,2007
Pro Evolution Soccer 2008,7,True,True,Sports,Konami,74,0.04,PlayStation 3,E,2007
Worms: Open Warfare 2,4,True,True,"Action,Strategy",THQ,80,0.04,Sony PSP,T,2007
Surf's Up,4,True,True,Sports,Ubisoft,59,0.04,PlayStation 3,E,2007
Fantastic Four: Rise of the Silver Surfer,4,True,True,Action,2K,39,0.04,Nintendo Wii,E,2007
Brothers in Arms DS,1,True,True,Action,Ubisoft,72,0.04,Nintendo DS,E,2007
Bubble Bobble Double Shot,1,True,True,Action,,50,0.04,Nintendo DS,E,2007
Fantastic Four: Rise of the Silver Surfer,1,True,True,Action,2K,35,0.04,Nintendo DS,E,2007
Zendoku,1,True,True,"Role-Playing (RPG),Strategy",Eidos,68,0.04,Nintendo DS,E,2007
Heatseeker,1,True,True,Action,,49,0.04,Sony PSP,T,2007
Manhunt 2,1,True,True,Action,Rockstar,69,0.04,Sony PSP,T,2007
SWAT: Target Liberty,1,True,True,"Action,Strategy",,50,0.04,Sony PSP,E,2007
Anubis II,1,True,True,Action,,19,0.04,Nintendo Wii,M,2007
Barnyard,1,True,True,"Action,Adventure",THQ,65,0.04,Nintendo Wii,T,2007
Escape from Bug Island,1,True,True,Action,Eidos,37,0.04,Nintendo Wii,T,2007
Octomania,1,True,True,"Action,Strategy",,66,0.04,Nintendo Wii,M,2007
Cabela's Big Game Hunter,1,True,True,"Simulation,Sports",Activision,51,0.04,X360,E,2007
UEFA Champions League 2006-2007,4,True,True,Sports,EA,72,0.03,X360,T,2007
Aliens Vs Predator: Requiem,2,True,True,Action,,49,0.03,Sony PSP,T,2007
NBA 08,2,True,True,Sports,Sony,75,0.03,Sony PSP,E,2007
Guilty Gear XX ? Core,2,True,True,Action,,75,0.03,Nintendo Wii,E,2007
Arkanoid DS,1,True,True,Strategy,SquareEnix,61,0.03,Nintendo DS,E,2007
Code Lyoko,1,True,True,"Action,Adventure",,63,0.03,Nintendo DS,T,2007
Dynasty Warriors DS: Fighter's Battle,1,True,True,"Action,Strategy",,56,0.03,Nintendo DS,T,2007
Orcs & Elves,1,True,True,"Action,Role-Playing (RPG)",EA,68,0.03,Nintendo DS,T,2007
Prism: Light the Way,1,True,True,"Action,Strategy",Eidos,73,0.03,Nintendo DS,T,2007
Dead Head Fred,1,True,True,Action,,75,0.03,Sony PSP,E,2007
Hot Pixel,1,True,True,Action,Atari,55,0.03,Sony PSP,T,2007
The Legend of Heroes III: Song of the Ocean,1,True,True,Role-Playing (RPG),Namco,58,0.03,Sony PSP,T,2007
SEGA Rally Revo,1,True,True,"Racing / Driving,Simulation",Sega,74,0.03,Sony PSP,T,2007
Bionicle Heroes,1,True,True,Action,Eidos,52,0.03,Nintendo Wii,T,2007
Burnout Dominator,4,True,True,"Action,Racing / Driving",EA,76,0.02,Sony PSP,T,2007
Samurai Warriors 2: Empires,2,True,True,"Action,Role-Playing (RPG),Strategy",,53,0.02,X360,E,2007
Meteos: Disney Magic,1,True,True,Strategy,Disney,74,0.02,Nintendo DS,T,2007
Turn It Around,1,True,True,"Racing / Driving,Sports",,39,0.02,Nintendo DS,E,2007
Cube,1,True,True,Strategy,,60,0.02,Sony PSP,T,2007
Dragoneer's Aria,1,True,True,Role-Playing (RPG),,56,0.02,Sony PSP,E,2007
The Fast and the Furious,1,True,True,Racing / Driving,Namco,58,0.02,Sony PSP,M,2007
R-Type Command,1,True,True,Strategy,,69,0.02,Sony PSP,M,2007
Virtua Tennis 3,1,True,True,Sports,Sega,79,0.02,Sony PSP,M,2007
Virtua Tennis 3,4,True,True,Sports,Sega,80,0.01,X360,T,2007
Front Mission,1,True,True,Strategy,SquareEnix,72,0.01,Nintendo DS,E,2007
Lost in Blue 2,1,True,True,Role-Playing (RPG),Konami,58,0.01,Nintendo DS,T,2007
Nervous Brickdown,1,True,True,Action,,70,0.01,Nintendo DS,E,2007
Sea Monsters: A Prehistoric Adventure,1,True,True,"Action,Educational",,43,0.01,Nintendo DS,T,2007
After Burner: Black Falcon,1,True,True,Action,Sega,73,0.01,Sony PSP,M,2007
Capcom Puzzle World,1,True,True,Strategy,Capcom,65,0.01,Sony PSP,M,2007
Puzzle Quest: Challenge of the Warlords,1,True,True,"Role-Playing (RPG),Strategy",,84,0.01,Sony PSP,T,2007
Smash Court Tennis 3,1,True,True,Sports,Namco,68,0.01,Sony PSP,T,2007
UEFA Champions League 2006-2007,1,True,True,Sports,EA,71,0.01,Sony PSP,T,2007
Driver: Parallel Lines,1,True,True,"Action,Racing / Driving",Ubisoft,59,0.01,Nintendo Wii,E,2007
Mario Kart Wii,4,True,True,Racing / Driving,Nintendo,82,12.39,Nintendo Wii,T,2008
Grand Theft Auto IV,1,True,True,"Action,Racing / Driving",Rockstar,98,5.76,X360,E,2008
Super Smash Bros.: Brawl,6,True,True,Action,Nintendo,93,5.71,Nintendo Wii,T,2008
Call of Duty: World at War,4,True,True,Action,Activision,84,4.58,X360,E,2008
Grand Theft Auto IV,1,True,True,"Action,Racing / Driving",Rockstar,98,3.91,PlayStation 3,E,2008
Gears of War 2,2,True,True,Action,Microsoft,93,3.9,X360,E,2008
Pokmon: Platinum Version,1,True,True,"Adventure,Role-Playing (RPG)",Nintendo,83,2.86,Nintendo DS,T,2008
Metal Gear Solid 4: Guns of the Patriots,1,True,True,Action,Konami,94,2.58,PlayStation 3,T,2008
Fable II,1,True,True,Role-Playing (RPG),Microsoft,89,2.55,X360,E,2008
Call of Duty: World at War,4,True,True,Action,Activision,85,2.53,PlayStation 3,T,2008
Guitar Hero: World Tour,4,True,True,"Action,Simulation",Activision,86,2.47,Nintendo Wii,T,2008
LittleBigPlanet,4,True,True,Action,Sony,95,2.46,PlayStation 3,T,2008
Fallout 3,1,True,True,"Action,Role-Playing (RPG)",,93,2.44,X360,T,2008
LEGO Indiana Jones: The Original Adventures,2,True,True,Action,,77,2.42,X360,M,2008
Left 4 Dead,2,True,True,Action,,89,2.39,X360,M,2008
Madden NFL 09,4,True,True,Sports,EA,83,2.33,X360,T,2008
Guitar Hero: On Tour,1,True,True,"Action,Simulation",Activision,71,2.22,Nintendo DS,M,2008
Kung Fu Panda,4,True,True,Action,Activision,75,2.04,X360,E,2008
Rock Band 2,4,True,True,"Action,Simulation",,92,1.85,X360,E,2008
Sega Superstars Tennis,4,True,True,Sports,Sega,67,1.84,X360,E,2008
Guitar Hero: World Tour,4,True,True,"Action,Simulation",Activision,85,1.78,X360,T,2008
Animal Crossing: City Folk,1,True,True,Simulation,Nintendo,73,1.78,Nintendo Wii,T,2008
Mario & Sonic at the Olympic Games,1,True,True,"Action,Sports","Nintendo,Sega",70,1.74,Nintendo DS,T,2008
Madden NFL 09,4,True,True,Sports,EA,85,1.66,PlayStation 3,E,2008
LEGO Batman: The Videogame,2,True,True,Action,,76,1.64,X360,T,2008
Tom Clancy's Rainbow Six: Vegas 2,2,True,True,Action,Ubisoft,82,1.61,X360,M,2008
Kirby Super Star Ultra,1,True,True,Action,Nintendo,76,1.6,Nintendo DS,M,2008
Star Wars: The Force Unleashed,1,True,True,Action,,73,1.59,X360,T,2008
God of War: Chains of Olympus,1,True,True,Action,Sony,91,1.54,Sony PSP,T,2008
Fallout 3,1,True,True,"Action,Role-Playing (RPG)",,90,1.48,PlayStation 3,M,2008
Pure,1,True,True,"Racing / Driving,Sports",Disney,85,1.43,X360,T,2008
LEGO Indiana Jones: The Original Adventures,2,True,True,Action,,78,1.42,Nintendo Wii,E,2008
Rock Band,2,True,True,"Action,Simulation",,92,1.4,Nintendo Wii,T,2008
LEGO Batman: The Videogame,1,True,True,"Action,Racing / Driving",,72,1.39,Nintendo DS,T,2008
Saints Row 2,1,True,True,"Action,Racing / Driving",THQ,81,1.39,X360,E,2008
LEGO Batman: The Videogame,2,True,True,Action,,74,1.32,Nintendo Wii,E,2008
Call of Duty: World at War,2,True,True,Action,Activision,83,1.17,Nintendo Wii,M,2008
Midnight Club: Los Angeles,1,True,True,Racing / Driving,Rockstar,81,1.15,X360,E,2008
Mortal Kombat vs. DC Universe,2,True,True,Action,Midway,76,1.13,PlayStation 3,E,2008
Army of Two,2,True,True,Action,EA,72,1.12,X360,T,2008
Resistance 2,2,True,True,Action,Sony,87,1.11,PlayStation 3,E,2008
Rock Band 2,1,True,True,"Action,Simulation",,91,1.11,PlayStation 3,E,2008
Midnight Club: Los Angeles,1,True,True,Racing / Driving,Rockstar,82,1.09,PlayStation 3,M,2008
Sonic Unleashed,1,True,True,Action,Sega,66,1.09,Nintendo Wii,E,2008
NBA 2K9 ,1,True,True,Sports,2K,84,1.07,X360,E,2008
Guitar Hero: World Tour,4,True,True,"Action,Simulation",Activision,84,1.04,PlayStation 3,E,2008
Guitar Hero: Aerosmith,1,True,True,"Action,Simulation",Activision,73,1.03,Nintendo Wii,E,2008
Star Wars: The Force Unleashed,2,True,True,Action,,71,1.01,Nintendo Wii,E,2008
Burnout Paradise,1,True,True,"Action,Racing / Driving",EA,87,1.01,PlayStation 3,T,2008
Pokmon Ranger: Shadows of Almia,1,True,True,"Action,Role-Playing (RPG)",Nintendo,68,0.99,Nintendo DS,T,2008
Mortal Kombat vs. DC Universe,2,True,True,Action,Midway,72,0.98,X360,M,2008
Dead Space,1,True,True,Action,EA,88,0.96,PlayStation 3,M,2008
Shaun White Snowboarding: Road Trip,1,True,True,Sports,Ubisoft,78,0.95,Nintendo Wii,E,2008
Star Wars: The Force Unleashed,1,True,True,Action,,71,0.92,PlayStation 3,E,2008
Guitar Hero: Aerosmith,2,True,True,"Action,Simulation",Activision,70,0.91,X360,E,2008
SOCOM: U.S. Navy SEALs - Confrontation,1,True,True,Action,Sony,63,0.91,PlayStation 3,E,2008
SoulCalibur IV,2,True,True,Action,Namco,85,0.87,X360,E,2008
Battlefield: Bad Company,1,True,True,Action,EA,83,0.83,X360,E,2008
Saints Row 2,1,True,True,"Action,Racing / Driving",THQ,82,0.81,PlayStation 3,M,2008
Guitar Hero: On Tour - Decades,1,True,True,"Action,Simulation",Activision,72,0.8,Nintendo DS,T,2008
Devil May Cry 4,1,True,True,Action,Capcom,84,0.8,X360,T,2008
Mystery Case Files: MillionHeir,1,True,True,Adventure,Nintendo,65,0.76,Nintendo DS,T,2008
Battlefield: Bad Company,1,True,True,Action,EA,84,0.76,PlayStation 3,T,2008
Army of Two,2,True,True,Action,EA,74,0.75,PlayStation 3,T,2008
Rayman Raving Rabbids TV Party,4,True,True,"Action,Racing / Driving,Sports,Strategy",Ubisoft,73,0.74,Nintendo Wii,T,2008
The House of the Dead 2 & 3 Return,2,True,True,Action,Sega,66,0.74,Nintendo Wii,M,2008
Far Cry 2,1,True,True,Action,Ubisoft,85,0.73,X360,T,2008
Boom Blox,4,True,True,"Action,Strategy",EA,85,0.72,Nintendo Wii,T,2008
Spore Creatures,1,True,True,"Adventure,Simulation",EA,65,0.7,Nintendo DS,T,2008
Madden NFL 09,4,True,True,Sports,EA,68,0.68,Sony PSP,T,2008
NCAA Football 09,4,True,True,Sports,EA,83,0.68,X360,T,2008
MLB 08: The Show,2,True,True,Sports,Sony,85,0.67,PlayStation 3,E,2008
Tom Clancy's Rainbow Six: Vegas 2,2,True,True,Action,Ubisoft,81,0.67,PlayStation 3,E,2008
Mercenaries 2: World in Flames,1,True,True,Action,EA,72,0.66,X360,E,2008
Need for Speed: Undercover,1,True,True,Racing / Driving,EA,64,0.66,X360,E,2008
Guitar Hero: Aerosmith,2,True,True,"Action,Simulation",Activision,70,0.65,PlayStation 3,M,2008
SoulCalibur IV,2,True,True,Action,"Namco,Ubisoft",85,0.65,PlayStation 3,E,2008
Valkyria Chronicles,1,True,True,"Action,Role-Playing (RPG),Strategy",Sega,86,0.65,PlayStation 3,T,2008
Harvest Moon: Tree of Tranquility,1,True,True,"Role-Playing (RPG),Simulation",,65,0.62,Nintendo Wii,M,2008
Star Wars: The Clone Wars - Jedi Alliance,1,True,True,"Action,Adventure",,68,0.6,Nintendo DS,T,2008
Need for Speed: Undercover,1,True,True,Racing / Driving,EA,59,0.59,PlayStation 3,E,2008
Wario Land: Shake It!,1,True,True,Action,Nintendo,78,0.59,Nintendo Wii,T,2008
NBA 2K9,7,True,True,Sports,2K,82,0.58,PlayStation 3,E,2008
Major League Baseball 2K9,1,True,True,Sports,2K,64,0.58,X360,E,2008
NCAA Football 09,4,True,True,Sports,EA,81,0.56,PlayStation 3,E,2008
Kung Fu Panda,1,True,True,Action,Activision,71,0.56,Nintendo DS,E,2008
Devil May Cry 4,1,True,True,Action,Capcom,84,0.56,PlayStation 3,T,2008
Tom Clancy's EndWar,1,True,True,Strategy,Ubisoft,77,0.56,X360,E,2008
LEGO Batman: The Videogame,1,True,True,Action,,73,0.54,Sony PSP,M,2008
BioShock,1,True,True,Action,2K,94,0.53,PlayStation 3,E,2008
Bully: Scholarship Edition,1,True,True,"Action,Adventure",Rockstar,80,0.53,X360,T,2008
Prince of Persia,1,True,True,Action,Ubisoft,81,0.53,X360,T,2008
Kung Fu Panda,4,True,True,Action,Activision,70,0.52,Nintendo Wii,E,2008
Sonic Chronicles: The Dark Brotherhood,1,True,True,"Action,Role-Playing (RPG)",Sega,74,0.52,Nintendo DS,E,2008
Chrono Trigger,2,True,True,Role-Playing (RPG),SquareEnix,92,0.51,Nintendo DS,T,2008
Tomb Raider: Underworld,1,True,True,Action,Eidos,76,0.51,X360,E,2008
skate it,4,True,True,"Action,Sports",EA,70,0.5,Nintendo Wii,T,2008
The Legendary Starfy,1,True,True,"Action,Adventure",Nintendo,75,0.5,Nintendo DS,E,2008
Mirror's Edge,1,True,True,Action,EA,79,0.5,X360,T,2008
Haze,2,True,True,Action,Ubisoft,55,0.49,PlayStation 3,T,2008
Dissidia: Final Fantasy,1,True,True,"Action,Role-Playing (RPG)",SquareEnix,79,0.49,Sony PSP,T,2008
Sid Meier's Civilization: Revolution,1,True,True,Strategy,2K,84,0.49,X360,T,2008
Wall-E,4,True,True,Action,THQ,51,0.48,Nintendo Wii,E,2008
Prince of Persia,1,True,True,Action,Ubisoft,85,0.48,PlayStation 3,T,2008
NHL 09 ,1,True,True,Sports,EA,88,0.48,X360,E,2008
Brothers in Arms: Hell's Highway,1,True,True,Action,Ubisoft,76,0.47,X360,E,2008
Shaun White Snowboarding,1,True,True,Sports,Ubisoft,60,0.47,X360,T,2008
Turok,1,True,True,Action,,69,0.47,X360,E,2008
Iron Man,1,True,True,Action,Sega,44,0.46,Sony PSP,E,2008
De Blob,4,True,True,Action,THQ,82,0.45,Nintendo Wii,M,2008
Sonic Riders: Zero Gravity,4,True,True,Racing / Driving,Sega,56,0.45,Nintendo Wii,T,2008
Rhythm Heaven,1,True,True,Action,Nintendo,83,0.45,Nintendo DS,T,2008
Tomb Raider: Underworld,1,True,True,Action,Eidos,75,0.44,PlayStation 3,T,2008
Advance Wars: Days of Ruin,4,True,True,Strategy,Nintendo,86,0.43,Nintendo DS,E,2008
LEGO Batman: The Videogame,2,True,True,Action,,75,0.43,PlayStation 3,E,2008
Far Cry 2,1,True,True,Action,Ubisoft,85,0.43,PlayStation 3,T,2008
Harvest Moon: Island of Happiness,1,True,True,"Simulation,Strategy",,65,0.42,Nintendo DS,E,2008
Brothers in Arms: Hell's Highway,1,True,True,Action,Ubisoft,76,0.42,PlayStation 3,T,2008
Sonic Unleashed,1,True,True,"Action,Adventure",Sega,54,0.42,PlayStation 3,T,2008
Pinball Hall of Fame: The Williams Collection,1,True,True,Simulation,,82,0.41,Nintendo Wii,T,2008
Sonic Unleashed,1,True,True,"Action,Adventure",Sega,60,0.41,X360,E,2008
Samba de Amigo,2,True,True,Action,Sega,68,0.4,Nintendo Wii,T,2008
?kami,1,True,True,Action,Capcom,90,0.39,Nintendo Wii,M,2008
LEGO Indiana Jones: The Original Adventures,2,True,True,Action,,77,0.38,PlayStation 3,E,2008
MotorStorm: Pacific Rift,4,True,True,"Action,Racing / Driving,Sports",Sony,82,0.37,PlayStation 3,T,2008
Tiger Woods PGA Tour 09,4,True,True,Sports,EA,84,0.37,X360,E,2008
SimCity Creator,1,True,True,Simulation,EA,67,0.37,Nintendo Wii,E,2008
Tiger Woods PGA Tour 09,4,True,True,Sports,EA,82,0.36,PlayStation 3,E,2008
Sid Meier's Civilization: Revolution,1,True,True,"Simulation,Strategy",2K,80,0.36,Nintendo DS,M,2008
Pure,1,True,True,"Racing / Driving,Sports",Disney,83,0.36,PlayStation 3,M,2008
Turok,1,True,True,Action,,67,0.36,PlayStation 3,M,2008
Crash: Mind over Mutant,1,True,True,Action,,70,0.36,Nintendo Wii,E,2008
Spider-Man: Web of Shadows,1,True,True,Action,Activision,68,0.36,X360,E,2008
Frontlines: Fuel of War,1,True,True,Action,THQ,75,0.35,X360,M,2008
GRID,1,True,True,"Racing / Driving,Simulation,Sports",,87,0.35,X360,E,2008
Too Human,1,True,True,"Action,Role-Playing (RPG)",Microsoft,65,0.35,X360,T,2008
Speed Racer: The Videogame,2,True,True,Racing / Driving,,69,0.34,Nintendo Wii,M,2008
LEGO Indiana Jones: The Original Adventures,1,True,True,Action,,76,0.34,Sony PSP,E,2008
SEGA Bass Fishing,1,True,True,Sports,Sega,59,0.34,Nintendo Wii,E,2008
The Chronicles of Narnia: Prince Caspian,2,True,True,"Action,Role-Playing (RPG)",Disney,63,0.33,Nintendo Wii,M,2008
Iron Man,1,True,True,Action,Sega,56,0.33,Nintendo DS,M,2008
The Sims 2: Apartment Pets,1,True,True,Simulation,EA,50,0.33,Nintendo DS,M,2008
MLB 08: The Show,1,True,True,Sports,Sony,83,0.33,Sony PSP,M,2008
Iron Man,1,True,True,Action,Sega,42,0.33,PlayStation 3,T,2008
Madagascar: Escape 2 Africa,1,True,True,"Action,Adventure",Activision,55,0.32,Nintendo DS,T,2008
GRID,1,True,True,"Racing / Driving,Simulation,Sports",,87,0.31,PlayStation 3,T,2008
NHL 09,1,True,True,Sports,EA,88,0.31,PlayStation 3,M,2008
Banjo-Kazooie: Nuts & Bolts,1,True,True,"Action,Adventure,Racing / Driving,Sports",Microsoft,79,0.31,X360,E,2008
Hot Shots Golf: Out of Bounds,4,True,True,Sports,Sony,81,0.3,PlayStation 3,T,2008
Rune Factory 2: A Fantasy Harvest Moon,1,True,True,"Action,Role-Playing (RPG),Simulation",,79,0.3,Nintendo DS,T,2008
SimCity Creator,1,True,True,Simulation,EA,69,0.3,Nintendo DS,M,2008
Patapon,1,True,True,"Action,Strategy",Sony,86,0.3,Sony PSP,T,2008
Shaun White Snowboarding,1,True,True,Sports,Ubisoft,63,0.3,PlayStation 3,T,2008
Iron Man,1,True,True,Action,Sega,44,0.3,Nintendo Wii,T,2008
Sega Superstars Tennis,1,True,True,Sports,Sega,65,0.29,Nintendo DS,T,2008
Lost Planet: Extreme Condition,1,True,True,Action,Capcom,67,0.29,PlayStation 3,T,2008
Mirror's Edge,1,True,True,Action,EA,79,0.29,PlayStation 3,T,2008
The Incredible Hulk,1,True,True,Action,Sega,46,0.29,Nintendo Wii,T,2008
Condemned 2: Bloodshot,1,True,True,"Action,Adventure",Sega,80,0.29,X360,T,2008
Sega Superstars Tennis,4,True,True,Sports,Sega,71,0.28,Nintendo Wii,E,2008
Speed Racer: The Videogame,1,True,True,Racing / Driving,,75,0.28,Nintendo DS,M,2008
Viva Pi$?ata: Pocket Paradise,1,True,True,"Simulation,Strategy",THQ,82,0.28,Nintendo DS,T,2008
Tom Clancy's EndWar,1,True,True,Strategy,Ubisoft,76,0.28,PlayStation 3,M,2008
Iron Man,1,True,True,Action,Sega,45,0.28,X360,M,2008
Need for Speed: Undercover,4,True,True,Racing / Driving,EA,54,0.27,Nintendo Wii,E,2008
Wall-E,4,True,True,Action,THQ,50,0.27,X360,E,2008
Spectrobes: Beyond the Portals,1,True,True,"Action,Role-Playing (RPG)",Disney,70,0.27,Nintendo DS,M,2008
MX vs. ATV Untamed,1,True,True,Educational,Ubisoft,59,0.27,Sony PSP,T,2008
Mercenaries 2: World in Flames,1,True,True,Action,EA,72,0.27,PlayStation 3,E,2008
Infinite Undiscovery,1,True,True,"Action,Role-Playing (RPG)",SquareEnix,68,0.27,X360,T,2008
TNA iMPACT!,4,True,True,Sports,Midway,62,0.26,X360,M,2008
Enemy Territory: Quake Wars,1,True,True,Action,Activision,69,0.26,X360,T,2008
Fire Emblem: Shadow Dragon,1,True,True,"Role-Playing (RPG),Strategy",Nintendo,81,0.25,Nintendo DS,M,2008
Neopets Puzzle Adventure,1,True,True,"Adventure,Role-Playing (RPG),Strategy",Capcom,70,0.25,Nintendo DS,T,2008
Tales of Vesperia,1,True,True,"Adventure,Role-Playing (RPG)",Namco,79,0.25,X360,M,2008
SingStar ABBA,8,True,True,Action,Sony,70,0.24,PlayStation 3,T,2008
Dragon Ball Z: Burst Limit,2,True,True,Action,"Atari,Namco",72,0.24,X360,E,2008
Apollo Justice: Ace Attorney,1,True,True,"Adventure,Simulation",Capcom,78,0.24,Nintendo DS,T,2008
Castlevania: Order of Ecclesia,1,True,True,"Action,Adventure,Role-Playing (RPG)",Konami,85,0.24,Nintendo DS,T,2008
Mega Man Star Force 2: Zerker X Ninja,1,True,True,"Action,Role-Playing (RPG)",Capcom,55,0.24,Nintendo DS,T,2008
Enemy Territory: Quake Wars,1,True,True,Action,Activision,60,0.24,PlayStation 3,T,2008
Namco Museum: Virtual Arcade,1,True,True,"Action,Racing / Driving",Namco,63,0.24,X360,T,2008
NASCAR 09,1,True,True,"Racing / Driving,Sports",EA,69,0.24,X360,T,2008
Turning Point: Fall of Liberty,1,True,True,Action,,43,0.24,X360,M,2008
Summer Athletics 2009,4,True,True,Sports,,56,0.23,Nintendo Wii,M,2008
Unreal Tournament III,2,True,True,Action,Midway,82,0.23,X360,M,2008
Shaun White Snowboarding,1,True,True,"Racing / Driving,Sports",Ubisoft,63,0.23,Nintendo DS,T,2008
Dark Sector,1,True,True,Action,,72,0.23,PlayStation 3,T,2008
The Last Remnant,1,True,True,Role-Playing (RPG),SquareEnix,66,0.23,X360,T,2008
Dragon Ball Z: Burst Limit,2,True,True,Action,"Atari,Namco",71,0.22,PlayStation 3,M,2008
NASCAR 09,1,True,True,"Racing / Driving,Sports",EA,65,0.22,PlayStation 3,E,2008
Turning Point: Fall of Liberty,1,True,True,Action,,42,0.22,PlayStation 3,T,2008
MX vs. ATV Untamed,1,True,True,Racing / Driving,THQ,70,0.22,Nintendo Wii,E,2008
Crash: Mind over Mutant,1,True,True,Action,,60,0.22,X360,M,2008
The Incredible Hulk,1,True,True,Action,Sega,55,0.22,X360,E,2008
Silent Hill: Homecoming,1,True,True,Action,Konami,70,0.22,X360,T,2008
TNA iMPACT!,4,True,True,Sports,Midway,64,0.21,PlayStation 3,M,2008
The Incredible Hulk,1,True,True,Action,Sega,55,0.21,PlayStation 3,T,2008
Kung Fu Panda,1,True,True,Action,Activision,76,0.21,PlayStation 3,M,2008
Dark Sector,1,True,True,Action,,72,0.21,X360,M,2008
Tales of Symphonia: Dawn of the New World,4,True,True,Role-Playing (RPG),Namco,68,0.2,Nintendo Wii,T,2008
Valkyrie Profile: Covenant of the Plume,1,True,True,"Role-Playing (RPG),Strategy",SquareEnix,74,0.2,Nintendo DS,M,2008
Spider-Man: Web of Shadows,1,True,True,Action,Activision,67,0.2,PlayStation 3,E,2008
TV Show King,4,True,True,Strategy,,65,0.19,Nintendo Wii,T,2008
AC/DC Live: Rock Band - Track Pack,4,True,True,"Action,Simulation",,63,0.19,X360,M,2008
The Chronicles of Narnia: Prince Caspian,1,True,True,Role-Playing (RPG),Disney,54,0.19,Nintendo DS,M,2008
Hot Shots Golf: Open Tee 2,1,True,True,Sports,Sony,82,0.19,Sony PSP,E,2008
AC/DC Live: Rock Band - Track Pack,1,True,True,"Action,Simulation",,60,0.19,PlayStation 3,E,2008
Harvest Moon: Magical Melody,4,True,True,"Role-Playing (RPG),Simulation",,69,0.18,Nintendo Wii,T,2008
Dynasty Warriors 6,2,True,True,"Action,Strategy",,59,0.18,PlayStation 3,M,2008
Order Up!,1,True,True,"Action,Simulation",,76,0.18,Nintendo Wii,T,2008
NBA Ballers: Chosen One,4,True,True,Sports,Midway,55,0.17,X360,T,2008
Age of Empires: Mythologies,1,True,True,Strategy,THQ,78,0.17,Nintendo DS,T,2008
LocoRoco 2,1,True,True,"Action,Strategy",Sony,85,0.17,Sony PSP,M,2008
Star Ocean: First Departure,1,True,True,"Action,Role-Playing (RPG)",SquareEnix,74,0.17,Sony PSP,T,2008
Lost: Via Domus,1,True,True,"Action,Adventure",Ubisoft,54,0.17,PlayStation 3,T,2008
Tetris Party,4,True,True,Strategy,,75,0.16,Nintendo Wii,T,2008
Bully: Scholarship Edition,2,True,True,"Action,Adventure",Rockstar,83,0.16,Nintendo Wii,E,2008
The Spiderwick Chronicles,2,True,True,"Action,Adventure",,62,0.16,Nintendo Wii,M,2008
Dynasty Warriors 6,2,True,True,"Action,Strategy",,60,0.16,X360,M,2008
Facebreaker,2,True,True,Sports,EA,54,0.16,X360,M,2008
Ninja Gaiden: Dragon Sword,1,True,True,Action,,83,0.16,Nintendo DS,E,2008
Condemned 2: Bloodshot,1,True,True,"Action,Adventure",Sega,82,0.16,PlayStation 3,T,2008
Silent Hill: Homecoming,1,True,True,Action,Konami,71,0.16,PlayStation 3,E,2008
Command & Conquer: Red Alert 3,1,True,True,Strategy,EA,77,0.16,X360,T,2008
Viking: Battle for Asgard,1,True,True,Action,Sega,68,0.16,X360,M,2008
Beijing 2008,4,True,True,Sports,Sega,60,0.15,X360,T,2008
Don King Presents: Prizefighter,2,True,True,Sports,2K,56,0.15,X360,M,2008
Bomberman,1,True,True,"Action,Strategy",,73,0.15,Sony PSP,M,2008
Ferrari Challenge Trofeo Pirelli,1,True,True,Racing / Driving,,71,0.15,PlayStation 3,E,2008
Command & Conquer 3: Kane's Wrath,1,True,True,Strategy,EA,75,0.15,X360,M,2008
Lost: Via Domus,1,True,True,"Action,Adventure",Ubisoft,55,0.15,X360,M,2008
NHL 2K9 ,1,True,True,Sports,2K,69,0.15,X360,T,2008
Eternal Sonata,2,True,True,Role-Playing (RPG),Namco,80,0.14,PlayStation 3,M,2008
Viva Pi$?ata: Trouble in Paradise,2,True,True,"Racing / Driving,Simulation,Strategy",Microsoft,82,0.14,X360,T,2008
FlatOut: Head On,1,True,True,"Racing / Driving,Sports",,74,0.14,Sony PSP,E,2008
Viking: Battle for Asgard,1,True,True,Action,Sega,65,0.14,PlayStation 3,M,2008
Neopets Puzzle Adventure,1,True,True,"Role-Playing (RPG),Strategy",Capcom,52,0.14,Nintendo Wii,E,2008
TNA iMPACT!,1,True,True,Sports,Midway,43,0.14,Nintendo Wii,E,2008
Tomb Raider: Underworld,1,True,True,Action,Eidos,70,0.14,Nintendo Wii,T,2008
The Club,4,True,True,Action,Sega,76,0.13,X360,T,2008
The Chronicles of Narnia: Prince Caspian,2,True,True,"Action,Role-Playing (RPG)",Disney,56,0.13,X360,M,2008
Cabela's Dangerous Hunts 2009,1,True,True,Sports,Activision,42,0.13,X360,M,2008
Dark Messiah of Might and Magic: Elements,1,True,True,"Action,Role-Playing (RPG)",Ubisoft,52,0.13,X360,T,2008
Fracture,1,True,True,Action,,63,0.13,X360,T,2008
Bomberman Land,4,True,True,Action,,57,0.12,Nintendo Wii,T,2008
Nitrobike,4,True,True,"Action,Racing / Driving,Sports",Ubisoft,49,0.12,Nintendo Wii,E,2008
Culdcept Saga,4,True,True,Strategy,Namco,75,0.12,X360,T,2008
Facebreaker,2,True,True,Sports,,53,0.12,PlayStation 3,E,2008
MLB Power Pros 2008,2,True,True,Sports,2K,83,0.12,Nintendo Wii,E,2008
Mushroom Men: The Spore Wars,2,True,True,Action,,72,0.12,Nintendo Wii,E,2008
Dragon Quest V: Hand of the Heavenly Bride,1,True,True,Role-Playing (RPG),SquareEnix,84,0.12,Nintendo DS,T,2008
Ninjatown,1,True,True,Strategy,,80,0.12,Nintendo DS,T,2008
Super Dodgeball Brawlers,1,True,True,"Action,Sports",,65,0.12,Nintendo DS,T,2008
Dokapon Kingdom,1,True,True,"Role-Playing (RPG),Strategy",,72,0.12,Nintendo Wii,M,2008
Alone in the Dark,1,True,True,"Action,Adventure,Racing / Driving",Atari,58,0.12,X360,M,2008
NBA 09: The Inside,4,True,True,Sports,Sony,63,0.11,PlayStation 3,M,2008
Sega Superstars Tennis,4,True,True,Sports,Sega,67,0.11,PlayStation 3,M,2008
Baja: Edge of Control,4,True,True,"Racing / Driving,Simulation,Sports",THQ,65,0.11,X360,T,2008
Destroy All Humans! Big Willy Unleashed,2,True,True,Adventure,THQ,53,0.11,Nintendo Wii,T,2008
Space Invaders Extreme,1,True,True,Action,SquareEnix,85,0.11,Nintendo DS,T,2008
Ultimate Band,1,True,True,"Action,Simulation",Disney,69,0.11,Nintendo DS,E,2008
The Club,4,True,True,Action,Sega,72,0.1,PlayStation 3,M,2008
Madagascar: Escape 2 Africa,4,True,True,Action,Activision,58,0.1,PlayStation 3,M,2008
NBA Ballers: Chosen One,4,True,True,Sports,Midway,54,0.1,PlayStation 3,M,2008
Dream Pinball 3D,4,True,True,Simulation,,54,0.1,Nintendo Wii,M,2008
Madagascar: Escape 2 Africa,4,True,True,Action,Activision,62,0.1,X360,T,2008
Pro Evolution Soccer 2008,2,True,True,Sports,Konami,83,0.1,Nintendo Wii,T,2008
Avalon Code,1,True,True,"Action,Adventure,Role-Playing (RPG)",,71,0.1,Nintendo DS,M,2008
Disgaea DS,1,True,True,"Role-Playing (RPG),Strategy",,82,0.1,Nintendo DS,M,2008
Guitar Rock Tour,1,True,True,Simulation,,60,0.1,Nintendo DS,T,2008
Lost in Blue 3,1,True,True,Role-Playing (RPG),Konami,59,0.1,Nintendo DS,M,2008
Syberia,1,True,True,Adventure,,52,0.1,Nintendo DS,T,2008
Afrika,1,True,True,"Adventure,Simulation",Sony,63,0.1,PlayStation 3,T,2008
NFL Head Coach 09,1,True,True,"Simulation,Sports,Strategy",EA,64,0.1,PlayStation 3,T,2008
NHL 2K9,1,True,True,Sports,2K,70,0.1,PlayStation 3,T,2008
Brothers in Arms: Double Time,1,True,True,"Action,Strategy",Ubisoft,45,0.1,Nintendo Wii,E,2008
ObsCure: The Aftermath,1,True,True,Action,,53,0.1,Nintendo Wii,T,2008
MotoGP 08,1,True,True,"Racing / Driving,Simulation,Sports",,68,0.1,X360,T,2008
NFL Head Coach 09,1,True,True,"Simulation,Sports,Strategy",EA,67,0.1,X360,E,2008
NFL Tour,1,True,True,"Action,Sports",EA,49,0.1,X360,M,2008
Pinball Hall of Fame: The Williams Collection,4,True,True,Simulation,,78,0.09,Sony PSP,T,2008
Baja: Edge of Control,4,True,True,"Racing / Driving,Simulation,Sports",THQ,61,0.09,PlayStation 3,M,2008
NFL Tour,4,True,True,"Action,Sports",EA,45,0.09,PlayStation 3,E,2008
Wall-E,4,True,True,Action,THQ,51,0.09,PlayStation 3,M,2008
Ninja Reflex,4,True,True,Action,EA,49,0.09,Nintendo Wii,E,2008
Conflict: Denied Ops,4,True,True,Action,Eidos,52,0.09,X360,T,2008
Top Spin 3,4,True,True,Sports,2K,78,0.09,X360,T,2008
Blitz: The League II,2,True,True,"Action,Sports",Midway,62,0.09,PlayStation 3,M,2008
Hellboy: The Science of Evil,2,True,True,"Action,Adventure",Konami,47,0.09,PlayStation 3,T,2008
Castlevania Judgment,2,True,True,Action,Konami,49,0.09,Nintendo Wii,T,2008
Death Jr. II: Root of Evil,2,True,True,Action,Eidos,71,0.09,Nintendo Wii,E,2008
Raiden IV,2,True,True,Action,,63,0.09,X360,T,2008
Metal Slug 7,1,True,True,Action,,70,0.09,Nintendo DS,M,2008
Spider-Man: Web of Shadows,1,True,True,Action,Activision,77,0.09,Nintendo DS,E,2008
Trauma Center: Under The Knife 2,1,True,True,"Action,Simulation",,79,0.09,Nintendo DS,T,2008
Fracture,1,True,True,Action,,62,0.09,PlayStation 3,M,2008
Alone in the Dark,1,True,True,"Action,Adventure,Racing / Driving",Atari,39,0.09,Nintendo Wii,T,2008
Final Fantasy Fables: Chocobo's Dungeon,1,True,True,"Action,Role-Playing (RPG)",SquareEnix,76,0.09,Nintendo Wii,M,2008
The King of Fighters Collection: The Orochi Saga,1,True,True,Action,,70,0.09,Nintendo Wii,E,2008
Klonoa: Door to Phantomile,1,True,True,Action,Namco,77,0.09,Nintendo Wii,T,2008
Samurai Warriors: Katana,1,True,True,Action,,53,0.09,Nintendo Wii,E,2008
Battle of the Bands,2,True,True,"Action,Simulation",THQ,58,0.08,Nintendo Wii,T,2008
Hellboy: The Science of Evil,2,True,True,"Action,Adventure",Konami,44,0.08,X360,M,2008
Dragon Ball: Origins,1,True,True,"Action,Adventure",Atari,78,0.08,Nintendo DS,M,2008
Ninja Reflex,1,True,True,Action,EA,54,0.08,Nintendo DS,T,2008
Space Bust-A-Move,1,True,True,Strategy,SquareEnix,71,0.08,Nintendo DS,M,2008
Top Spin 3,1,True,True,Sports,2K,75,0.08,PlayStation 3,M,2008
UEFA Euro 2008,7,True,True,Sports,EA,79,0.07,PlayStation 3,T,2008
"Blast Works: Build, Trade, Destroy",4,True,True,Action,,78,0.07,Nintendo Wii,T,2008
FIFA Street 3,4,True,True,Sports,EA,63,0.07,X360,T,2008
Blitz: The League II,2,True,True,"Action,Sports",Midway,68,0.07,X360,M,2008
Space Chimps,2,True,True,"Action,Adventure",,57,0.07,X360,T,2008
The Spiderwick Chronicles,2,True,True,"Action,Adventure",,59,0.07,X360,E,2008
Etrian Odyssey II: Heroes of Lagaard,1,True,True,Role-Playing (RPG),,82,0.07,Nintendo DS,T,2008
Line Rider 2: Unbound,1,True,True,"Simulation,Sports",,59,0.07,Nintendo DS,M,2008
The King of Fighters Collection: The Orochi Saga,1,True,True,Action,,61,0.07,Sony PSP,E,2008
Target: Terror,1,True,True,Action,Konami,33,0.07,Nintendo Wii,M,2008
Legendary,1,True,True,Action,Atari,47,0.07,X360,T,2008
Universe at War: Earth Assault,1,True,True,"Action,Strategy",Sega,66,0.07,X360,T,2008
Smash Court Tennis 3,4,True,True,"Simulation,Sports",Atari,55,0.06,X360,E,2008
Code Lyoko: Fall of X.A.N.A,1,True,True,"Action,Role-Playing (RPG)",,51,0.06,Nintendo DS,M,2008
Knights in the Nightmare,1,True,True,"Role-Playing (RPG),Strategy",,76,0.06,Nintendo DS,M,2008
Lock's Quest,1,True,True,"Action,Adventure,Strategy",THQ,80,0.06,Nintendo DS,E,2008
Master of the Monster Lair,1,True,True,Role-Playing (RPG),,63,0.06,Nintendo DS,M,2008
N+,1,True,True,Action,Atari,82,0.06,Nintendo DS,M,2008
Pipe Mania,1,True,True,Strategy,,71,0.06,Nintendo DS,T,2008
The Spiderwick Chronicles,1,True,True,Role-Playing (RPG),,60,0.06,Nintendo DS,E,2008
Summon Night: Twin Age,1,True,True,Role-Playing (RPG),,73,0.06,Nintendo DS,E,2008
Wild Arms XF,1,True,True,Role-Playing (RPG),,64,0.06,Sony PSP,M,2008
FIFA Street 3,1,True,True,Sports,EA,63,0.06,PlayStation 3,T,2008
MotoGP 08,1,True,True,"Racing / Driving,Simulation,Sports",,65,0.06,PlayStation 3,T,2008
Harvey Birdman: Attorney at Law,1,True,True,Adventure,Capcom,60,0.06,Nintendo Wii,M,2008
Let's Tap,1,True,True,Simulation,Sega,70,0.06,Nintendo Wii,E,2008
NHL 2K9,1,True,True,Sports,2K,65,0.06,Nintendo Wii,T,2008
Conflict: Denied Ops,4,True,True,Action,Eidos,51,0.05,PlayStation 3,E,2008
Worms: A Space Oddity,4,True,True,"Action,Strategy",THQ,64,0.05,Nintendo Wii,M,2008
UEFA Euro 2008,4,True,True,Sports,EA,80,0.05,X360,M,2008
Overlord: Raising Hell,2,True,True,"Action,Strategy",,72,0.05,PlayStation 3,T,2008
Battle Fantasia,2,True,True,"Action,Role-Playing (RPG)",,71,0.05,X360,M,2008
Bangai-O Spirits,1,True,True,Action,,83,0.05,Nintendo DS,M,2008
Dungeon Explorer: Warriors of Ancient Arts,1,True,True,"Action,Role-Playing (RPG)",,60,0.05,Nintendo DS,M,2008
From the Abyss,1,True,True,"Action,Role-Playing (RPG)",,60,0.05,Nintendo DS,T,2008
New International Track & Field,1,True,True,"Action,Sports",Konami,73,0.05,Nintendo DS,M,2008
Soul Bubbles,1,True,True,Strategy,Eidos,78,0.05,Nintendo DS,T,2008
Tropix!,1,True,True,Action,,59,0.05,Nintendo DS,M,2008
Unsolved Crimes,1,True,True,"Action,Adventure,Racing / Driving",,66,0.05,Nintendo DS,T,2008
Zubo,1,True,True,"Adventure,Role-Playing (RPG),Strategy",EA,75,0.05,Nintendo DS,E,2008
Ford Racing Off Road,1,True,True,Racing / Driving,,47,0.05,Sony PSP,M,2008
Harvey Birdman: Attorney at Law,1,True,True,Adventure,Capcom,62,0.05,Sony PSP,M,2008
Secret Agent Clank,1,True,True,Action,Sony,72,0.05,Sony PSP,M,2008
Space Invaders Extreme,1,True,True,Action,SquareEnix,84,0.05,Sony PSP,M,2008
Armored Core: For Answer,1,True,True,Action,Ubisoft,62,0.05,PlayStation 3,M,2008
Legendary,1,True,True,Action,Atari,50,0.05,PlayStation 3,E,2008
Agatha Christie: Evil Under the Sun,1,True,True,Adventure,,46,0.05,Nintendo Wii,M,2008
Agatha Christie: And Then There Were None,1,True,True,Adventure,,50,0.05,Nintendo Wii,M,2008
Armored Core: For Answer,1,True,True,Action,Ubisoft,64,0.05,X360,T,2008
Cradle of Rome,1,True,True,Strategy,,63,0.04,Nintendo DS,E,2008
The Dark Spire,1,True,True,"Adventure,Role-Playing (RPG)",,69,0.04,Nintendo DS,T,2008
"Flower, Sun and Rain",1,True,True,Adventure,,54,0.04,Nintendo DS,M,2008
Insecticide,1,True,True,"Action,Adventure",,55,0.04,Nintendo DS,T,2008
Izuna 2: The Unemployed Ninja Returns,1,True,True,Role-Playing (RPG),,65,0.04,Nintendo DS,E,2008
Looney Tunes: Cartoon Conductor,1,True,True,Action,Eidos,67,0.04,Nintendo DS,M,2008
Nanostray 2,1,True,True,Action,,75,0.04,Nintendo DS,M,2008
Hellboy: The Science of Evil,1,True,True,Action,Konami,42,0.04,Sony PSP,E,2008
Pipe Mania,1,True,True,Strategy,,74,0.04,Sony PSP,T,2008
UEFA Euro 2008,1,True,True,Sports,EA,68,0.04,Sony PSP,E,2008
Vampire Rain,1,True,True,Action,,30,0.04,PlayStation 3,E,2008
Baroque,1,True,True,"Action,Role-Playing (RPG)",,50,0.04,Nintendo Wii,T,2008
Supreme Commander,1,True,True,Strategy,,56,0.04,X360,T,2008
Hail to the Chimp,4,True,True,"Action,Strategy",,52,0.03,X360,M,2008
Assassin's Creed: Altar's Chronicles,1,True,True,Action,Ubisoft,58,0.03,Nintendo DS,T,2008
The Legend of Kage 2,1,True,True,Action,SquareEnix,70,0.03,Nintendo DS,E,2008
Rhapsody: A Musical Adventure,1,True,True,Role-Playing (RPG),,67,0.03,Nintendo DS,M,2008
Secret Files: Tunguska,1,True,True,Adventure,,71,0.03,Nintendo DS,M,2008
Fading Shadows,1,True,True,"Action,Adventure",,62,0.03,Sony PSP,E,2008
Hail to the Chimp,1,True,True,"Action,Strategy",,51,0.03,PlayStation 3,M,2008
Secret Files: Tunguska,2,True,True,Adventure,,64,0.02,Nintendo Wii,M,2008
Chicken Hunter,1,True,True,Action,,39,0.02,Nintendo DS,T,2008
